n,insufficient,mean_bps,baseline_mean_bps,prob_positive,mean_abs_bps,skew,prob_beyond_baseline_p95,prob_beyond_baseline_p05,t_stat_vs_baseline,p_value_vs_baseline,symbol,split,hypothesis,decile,variant,horizon_bars
4455,False,0.6232591239264231,0.28694543347612245,0.4965207631874299,9.810467254302797,3.276110189305209,0.049607182940516276,0.037037037037037035,1.2072527963526916,0.2273989103264421,MES,discovery,H2_close_location,0.85,top_decile,10
3685,False,0.33319375142813296,0.28694543347612245,0.5215739484396201,11.559028843989395,2.721901840327471,0.05508819538670285,0.06350067842605156,0.13393946338657778,0.8934577602669725,MES,discovery,H2_close_location,0.85,bottom_decile,10
3198,False,1.24303022194568,0.5749546171777185,0.524390243902439,14.199686508389307,5.387904612639488,0.04815509693558474,0.040963101938711693,1.3686513327521657,0.1712044514128466,MES,discovery,H2_close_location,0.85,top_decile,20
2707,False,0.17971976167536918,0.5749546171777185,0.5293683043960103,16.560652094928876,-0.6308412617498206,0.05652013298854821,0.0657554488363502,-0.7119796709216011,0.47653874124927675,MES,discovery,H2_close_location,0.85,bottom_decile,20
2107,False,1.7623987637983078,1.1492413830124588,0.527764594209777,21.717708703704652,2.6521662900886773,0.04983388704318937,0.03939250118652112,0.6867827679726894,0.49229524242978107,MES,discovery,H2_close_location,0.85,top_decile,40
1899,False,0.6694874230228813,1.1492413830124588,0.5439705107951553,23.269399022633692,2.516670340396779,0.049499736703528176,0.05318588730911006,-0.4886803705835312,0.625124460411706,MES,discovery,H2_close_location,0.85,bottom_decile,40
4058,False,0.6191170097507075,0.28694543347612245,0.49630359783144407,9.550004735162249,0.37632061259057037,0.050763923114834894,0.03523903400689995,1.2908525603161303,0.1968283610136462,MES,discovery,H2_close_location,0.9,top_decile,10
3082,False,0.5634999760273871,0.28694543347612245,0.5298507462686567,11.987706634166493,2.873166814255054,0.06197274497079818,0.06391953277092798,0.7026443491219033,0.48233050003525846,MES,discovery,H2_close_location,0.9,bottom_decile,10
2936,False,1.1235742797277484,0.5749546171777185,0.5262261580381471,14.340839296568552,5.532941643380612,0.048365122615803814,0.04257493188010899,1.0673076569882287,0.28592071272767733,MES,discovery,H2_close_location,0.9,top_decile,20
2334,False,0.4165230915263579,0.5749546171777185,0.5351328191945158,17.154471267744807,-1.0008572528545212,0.061268209083119106,0.06555269922879177,-0.26048103713837034,0.7945157283758508,MES,discovery,H2_close_location,0.9,bottom_decile,20
2004,False,1.4234332321813288,1.1492413830124588,0.5244510978043913,21.270600602384697,3.884751733339412,0.04491017964071856,0.04291417165668663,0.30401858829099104,0.7611453081808267,MES,discovery,H2_close_location,0.9,top_decile,40
1700,False,0.7902626766034736,1.1492413830124588,0.5435294117647059,23.679771179129872,2.718840609698357,0.05235294117647059,0.051176470588235295,-0.3331197912114816,0.7390849620156666,MES,discovery,H2_close_location,0.9,bottom_decile,40
3021,False,0.6456713148549317,0.28694543347612245,0.4961933134723601,9.892099480072455,6.611103143976491,0.05130751406818934,0.037404832836809,1.0314397694172441,0.30241723287857164,MES,discovery,H2_close_location,0.95,top_decile,10
2106,False,0.2039765523084505,0.28694543347612245,0.5313390313390314,12.587150619926788,-2.374679096422722,0.06932573599240266,0.06552706552706553,-0.16678515806222344,0.8675551162247476,MES,discovery,H2_close_location,0.95,bottom_decile,10
2318,False,0.4122515196921525,0.5749546171777185,0.5133735979292493,14.680847460472009,5.6803345844682065,0.04659188955996549,0.04659188955996549,-0.26430427401336837,0.7915689737692565,MES,discovery,H2_close_location,0.95,top_decile,20
1703,False,-0.19704543671080407,0.5749546171777185,0.5273047563123899,17.621166462862018,-1.5839335426882917,0.06283029947152084,0.06635349383440986,-1.0387173141799066,0.2990837649206827,MES,discovery,H2_close_location,0.95,bottom_decile,20
1693,False,0.5547492303535233,1.1492413830124588,0.5298287064382753,21.3954077239896,1.9178236930425807,0.04370939161252215,0.04134672179562906,-0.6077627817107826,0.5434263782658693,MES,discovery,H2_close_location,0.95,top_decile,40
1329,False,0.5961826398968946,1.1492413830124588,0.5282167042889391,25.309037674098477,3.0367895317486093,0.05342362678705794,0.05492851768246802,-0.4156425217939816,0.6777387570737576,MES,discovery,H2_close_location,0.95,bottom_decile,40
4409,False,0.9950874122260757,0.33501323588971044,0.5193921524155137,13.324294660402964,2.5322220674261673,0.04785665683828533,0.03696983442957587,1.8263707158540996,0.06786204343943239,MNQ,discovery,H2_close_location,0.85,top_decile,10
3626,False,0.13378227766818857,0.33501323588971044,0.5322669608383894,15.808716348505559,2.195561717232605,0.059845559845559844,0.06729178157749587,-0.4400025516213483,0.6599614911197941,MNQ,discovery,H2_close_location,0.85,bottom_decile,10
3192,False,1.6408246190649072,0.6717902919769171,0.5363408521303258,19.635946333200014,3.4917899034648188,0.04855889724310777,0.046365914786967416,1.526530580997011,0.12697688629204265,MNQ,discovery,H2_close_location,0.85,top_decile,20
2696,False,0.41456005574873617,0.6717902919769171,0.5382047477744807,21.941850184446416,-0.4683921906140087,0.055637982195845696,0.056750741839762614,-0.36275823461314377,0.7168139402403352,MNQ,discovery,H2_close_location,0.85,bottom_decile,20
2105,False,2.773724976558058,1.3440923741333435,0.5406175771971496,29.0253159553551,2.2522726585035246,0.047980997624703085,0.04323040380047506,1.2650800772284485,0.20598271595814524,MNQ,discovery,H2_close_location,0.85,top_decile,40
1873,False,0.5050578423405496,1.3440923741333435,0.5493860117458622,30.876702488758355,-1.237920688763788,0.05499199145755473,0.053390282968499736,-0.7214325964785525,0.4707334888581956,MNQ,discovery,H2_close_location,0.85,bottom_decile,40
3934,False,0.8017498747844553,0.33501323588971044,0.5218607015760041,13.05707753921029,0.8094807199387599,0.0460091509913574,0.036349771225216064,1.2878299700260154,0.19788092474996807,MNQ,discovery,H2_close_location,0.9,top_decile,10
2993,False,0.1590256924662357,0.33501323588971044,0.5265619779485466,16.393377649726798,2.637670639929826,0.06682258603407952,0.07216839291680588,-0.33640762926671686,0.7365870883613479,MNQ,discovery,H2_close_location,0.9,bottom_decile,10
2887,False,1.6570819594698925,0.6717902919769171,0.5278836162105992,19.409681300686046,3.8632236202309946,0.046761343955663316,0.042604780048493246,1.485153562308356,0.13761236625357817,MNQ,discovery,H2_close_location,0.9,top_decile,20
2280,False,0.21720108719395742,0.6717902919769171,0.5416666666666666,23.15976533428722,-0.8424430405300577,0.060526315789473685,0.06184210526315789,-0.5636250388386548,0.5730647950975548,MNQ,discovery,H2_close_location,0.9,bottom_decile,20
1981,False,1.7777509140951417,1.3440923741333435,0.5340737001514386,29.234713125635192,2.2163356726937495,0.04745078243311459,0.046945986875315496,0.36809160524153883,0.7128442763639568,MNQ,discovery,H2_close_location,0.9,top_decile,40
1660,False,-0.0035256160870176193,1.3440923741333435,0.5397590361445783,32.08369517393282,-1.1740546741622626,0.05421686746987952,0.05783132530120482,-1.036384736892277,0.30017372384130614,MNQ,discovery,H2_close_location,0.9,bottom_decile,40
2975,False,0.7733158055329564,0.33501323588971044,0.5102521008403361,13.35638448518211,3.6378949713150086,0.049747899159663864,0.0373109243697479,1.0145945290342429,0.3103816819896953,MNQ,discovery,H2_close_location,0.95,top_decile,10
1966,False,0.3832347377233355,0.33501323588971044,0.5381485249237029,17.331544289854175,-0.3057834869751018,0.0762970498474059,0.07477110885045778,0.0737930375437449,0.9411825778706921,MNQ,discovery,H2_close_location,0.95,bottom_decile,10
2304,False,1.07813463712054,0.6717902919769171,0.5108506944444444,19.654415079180062,4.869284626857153,0.04774305555555555,0.045572916666666664,0.5494799655721321,0.58272938579355,MNQ,discovery,H2_close_location,0.95,top_decile,20
1621,False,0.5540236975710751,0.6717902919769171,0.5521283158544109,24.413793256458288,-1.3742131438084881,0.06785934608266501,0.06292412091301666,-0.1158673491511301,0.9077720334400784,MNQ,discovery,H2_close_location,0.95,bottom_decile,20
1700,False,1.6333101963337395,1.3440923741333435,0.5241176470588236,29.447866782292962,3.4001009800767665,0.05058823529411765,0.04411764705882353,0.22397406279408594,0.8228044141593572,MNQ,discovery,H2_close_location,0.95,top_decile,40
1273,False,0.6859784985653066,1.3440923741333435,0.5310290652003142,32.522656316801246,-0.7475614331573521,0.056559308719560095,0.061272584446190104,-0.4337977271828486,0.664508893583694,MNQ,discovery,H2_close_location,0.95,bottom_decile,40
4447,False,0.9790271696127706,0.3352156255953169,0.516303125702721,13.147992974536633,2.623039706490842,0.04677310546435799,0.035529570496964244,1.8316934771361209,0.06706396997443569,NQ,discovery,H2_close_location,0.85,top_decile,10
3640,False,0.14551057655745908,0.3352156255953169,0.5315934065934066,15.890516319825263,2.3157865654249554,0.06098901098901099,0.06703296703296703,-0.41385581891087425,0.6790040909605786,NQ,discovery,H2_close_location,0.85,bottom_decile,10
3207,False,1.6233966364965264,0.6720929962517687,0.5341440598690365,19.43910523244281,3.6165924131186293,0.04801995634549423,0.044589959463673216,1.5214047357942084,0.12825691819486632,NQ,discovery,H2_close_location,0.85,top_decile,20
2713,False,0.7095798591863066,0.6720929962517687,0.5425727976409879,22.079425602066767,-0.3727350989668241,0.057132325838555105,0.05639513453741246,0.05253544023143381,0.9581059262845848,NQ,discovery,H2_close_location,0.85,bottom_decile,20
2102,False,3.013836170772205,1.3449448014468262,0.5375832540437678,28.848464319488134,2.298611535916375,0.04804947668886775,0.04186489058039962,1.485141974429172,0.13765623758758228,NQ,discovery,H2_close_location,0.85,top_decile,40
1884,False,1.105009198283351,1.3449448014468262,0.5461783439490446,31.439744327533337,1.8126710766073768,0.054140127388535034,0.054140127388535034,-0.18992262030744553,0.8493902373681491,NQ,discovery,H2_close_location,0.85,bottom_decile,40
3983,False,0.8217905635735084,0.3352156255953169,0.5144363545066533,13.015409594706218,2.885505061277432,0.045945267386392166,0.035400451920662816,1.3201048846160839,0.18687588019407525,NQ,discovery,H2_close_location,0.9,top_decile,10
3035,False,0.331007151984656,0.3352156255953169,0.5271828665568369,16.49718120755191,3.08911424625746,0.06787479406919275,0.0728171334431631,-0.007970920615709398,0.9936407168964297,NQ,discovery,H2_close_location,0.9,bottom_decile,10
2922,False,1.5741761562944445,0.6720929962517687,0.526694045174538,19.22149547626578,3.8528935311782986,0.04654346338124572,0.04004106776180698,1.3793004786444556,0.1679077189234268,NQ,discovery,H2_close_location,0.9,top_decile,20
2317,False,0.39539875254928486,0.6720929962517687,0.5459646094087182,23.153483022363964,-0.7811364692132174,0.059991368148467845,0.06128614587829089,-0.3453746292794078,0.7298441128921634,NQ,discovery,H2_close_location,0.9,bottom_decile,20
1990,False,1.7929231216686685,1.3449448014468262,0.5306532663316583,28.934395704219035,2.1971249980212857,0.04773869346733668,0.04472361809045226,0.3831565410952337,0.7016446439745776,NQ,discovery,H2_close_location,0.9,top_decile,40
1676,False,0.07180001239850732,1.3449448014468262,0.5346062052505967,32.260352573089875,-1.2668805345572955,0.054295942720763726,0.06026252983293556,-0.9766956520086825,0.3288608832294984,NQ,discovery,H2_close_location,0.9,bottom_decile,40
3016,False,0.656160968296668,0.3352156255953169,0.5092838196286472,13.363345542295603,3.7680054910199217,0.05006631299734748,0.038461538461538464,0.7489163385610507,0.4539660535094498,NQ,discovery,H2_close_location,0.95,top_decile,10
2043,False,0.2028533015474864,0.3352156255953169,0.5232501223690651,17.273601326317554,-0.07458689661509521,0.07586882036221243,0.07586882036221243,-0.20749809801005006,0.8356415683264169,NQ,discovery,H2_close_location,0.95,bottom_decile,10
2324,False,0.9460283881560799,0.6720929962517687,0.5172117039586919,19.781699852416544,4.742983295069121,0.04862306368330465,0.04604130808950086,0.3685907995430322,0.7124663414426029,NQ,discovery,H2_close_location,0.95,top_decile,20
1666,False,0.43375907548911996,0.6720929962517687,0.5558223289315727,25.003416118984536,-1.360879667020146,0.07382953181272509,0.0666266506602641,-0.23423914569488186,0.8148281251939308,NQ,discovery,H2_close_location,0.95,bottom_decile,20
1710,False,1.381362430197127,1.3449448014468262,0.5228070175438596,29.6924540198073,3.2886853395159434,0.05087719298245614,0.04678362573099415,0.02808141013561026,0.9776004994481251,NQ,discovery,H2_close_location,0.95,top_decile,40
1310,False,0.2889497247858672,1.3449448014468262,0.5328244274809161,32.908126099643816,-0.9855536253166264,0.05648854961832061,0.06870229007633588,-0.69988014677494,0.48412651461349643,NQ,discovery,H2_close_location,0.95,bottom_decile,40
