symbol,direction,entry_time,entry_price,exit_time,exit_price,contracts,pnl,exit_reason
MNQ,1,2025-12-29 00:45:00+00:00,25884.0,2025-12-29 01:20:00+00:00,25867.348515703605,3,-101.76890577837126,trail
MNQ,-1,2025-12-29 01:50:00+00:00,25843.25,2025-12-29 02:35:00+00:00,25844.60539573918,4,-13.32316591345123,trail
MNQ,1,2025-12-29 04:05:00+00:00,25856.75,2025-12-29 04:55:00+00:00,25855.1069592193,9,-35.15473405257042,trail
MNQ,-1,2025-12-29 05:20:00+00:00,25818.5,2025-12-29 05:45:00+00:00,25834.218634526955,4,-128.2290762156376,trail
MNQ,-1,2025-12-29 13:00:00+00:00,25756.25,2025-12-29 13:45:00+00:00,25710.151630411812,9,824.19065258738,trail
MNQ,-1,2025-12-29 15:20:00+00:00,25738.5,2025-12-29 15:35:00+00:00,25756.56643318316,6,-220.51719819793536,trail
MNQ,-1,2025-12-29 16:05:00+00:00,25690.0,2025-12-29 17:50:00+00:00,25688.80676873071,2,3.5329250771662917,trail
MNQ,-1,2025-12-29 23:20:00+00:00,25720.5,2025-12-30 00:20:00+00:00,25719.778892924525,5,4.111070754747198,trail
MNQ,1,2025-12-30 02:15:00+00:00,25720.5,2025-12-30 02:25:00+00:00,25708.788776448633,10,-240.42447102733712,trail
MNQ,-1,2025-12-30 02:40:00+00:00,25706.0,2025-12-30 03:15:00+00:00,25716.396872131794,9,-192.72369837229607,trail
MNQ,1,2025-12-30 03:35:00+00:00,25736.5,2025-12-30 05:10:00+00:00,25741.62800432081,5,48.1800432080985,trail
MNQ,-1,2025-12-30 06:20:00+00:00,25724.0,2025-12-30 06:45:00+00:00,25730.212864788045,7,-91.32010703263572,trail
MNQ,1,2025-12-30 08:35:00+00:00,25730.5,2025-12-30 09:40:00+00:00,25737.449111030666,7,92.94755442932743,trail
MNQ,-1,2025-12-30 11:05:00+00:00,25711.5,2025-12-30 11:45:00+00:00,25718.614535732206,4,-59.39628585764556,trail
MNQ,1,2025-12-30 12:15:00+00:00,25739.25,2025-12-30 12:25:00+00:00,25726.543770589993,8,-208.25967056011083,trail
MNQ,-1,2025-12-30 13:50:00+00:00,25695.0,2025-12-30 14:10:00+00:00,25715.65697362805,4,-167.7357890244061,trail
MNQ,-1,2025-12-30 15:30:00+00:00,25691.0,2025-12-30 15:50:00+00:00,25723.250256349384,2,-130.24102539753426,trail
MNQ,1,2025-12-30 16:10:00+00:00,25758.75,2025-12-30 16:35:00+00:00,25752.930396508167,3,-36.77762095099693,trail
MNQ,-1,2025-12-30 17:15:00+00:00,25716.0,2025-12-30 17:35:00+00:00,25731.715789628834,7,-224.36105480367027,trail
MNQ,1,2025-12-30 18:30:00+00:00,25739.75,2025-12-30 18:40:00+00:00,25720.016585405265,6,-240.52097513682267,trail
MNQ,1,2025-12-30 19:25:00+00:00,25736.25,2025-12-30 19:45:00+00:00,25718.712755422523,5,-178.47244577477395,trail
MNQ,-1,2025-12-30 20:00:00+00:00,25711.25,2025-12-30 20:20:00+00:00,25706.867284931326,5,40.727150686738604,trail
MNQ,-1,2025-12-31 03:35:00+00:00,25610.5,2025-12-31 04:10:00+00:00,25622.73187347546,7,-175.58622865642596,trail
MNQ,1,2025-12-31 04:30:00+00:00,25629.0,2025-12-31 04:40:00+00:00,25620.691597977842,14,-241.31525662041503,trail
MNQ,-1,2025-12-31 05:10:00+00:00,25615.5,2025-12-31 05:30:00+00:00,25626.141247294232,9,-197.1224512961763,trail
MNQ,-1,2025-12-31 15:00:00+00:00,25611.0,2025-12-31 16:20:00+00:00,25582.680606654634,3,168.05636007219493,trail
MNQ,-1,2025-12-31 18:00:00+00:00,25582.5,2025-12-31 18:15:00+00:00,25604.147864309525,5,-219.57864309525175,trail
MNQ,-1,2025-12-31 19:45:00+00:00,25545.0,2025-12-31 20:35:00+00:00,25511.65051615113,2,132.15793539547826,trail
MNQ,1,2026-01-01 23:45:00+00:00,25499.5,2026-01-02 04:35:00+00:00,25618.38503552846,4,948.6002842276753,trail
MNQ,1,2026-01-02 08:15:00+00:00,25689.75,2026-01-02 08:30:00+00:00,25678.29231455957,2,-47.07074176171795,trail
MNQ,1,2026-01-02 15:00:00+00:00,25739.5,2026-01-02 15:05:00+00:00,25711.00609167434,1,-57.60781665132264,trail
MNQ,-1,2026-01-02 21:15:00+00:00,25393.5,2026-01-04 23:00:00+00:00,25415.150859154026,3,-131.7651549241558,trail
MNQ,1,2026-01-04 23:15:00+00:00,25436.25,2026-01-04 23:45:00+00:00,25421.17945652505,2,-61.52217389980273,trail
MNQ,1,2026-01-05 04:55:00+00:00,25487.75,2026-01-05 05:05:00+00:00,25473.70115620724,6,-172.3061255131167,trail
MNQ,-1,2026-01-05 07:40:00+00:00,25464.0,2026-01-05 07:55:00+00:00,25477.958473086408,4,-114.14778469126439,trail
MNQ,1,2026-01-05 08:25:00+00:00,25537.75,2026-01-05 08:40:00+00:00,25520.843173835216,2,-68.86730465913773,trail
MNQ,1,2026-01-05 14:05:00+00:00,25597.5,2026-01-05 14:30:00+00:00,25625.33153494571,2,110.08613978284644,trail
MNQ,-1,2026-01-05 21:05:00+00:00,25582.75,2026-01-05 23:10:00+00:00,25597.16003980499,2,-58.880159219954514,trail
MNQ,1,2026-01-06 01:35:00+00:00,25594.25,2026-01-06 04:00:00+00:00,25620.593200240564,6,312.3984028867719,trail
MNQ,1,2026-01-06 14:40:00+00:00,25666.5,2026-01-06 14:45:00+00:00,25670.404688593833,1,7.189377187666541,trail
MNQ,1,2026-01-06 17:25:00+00:00,25735.25,2026-01-06 21:00:00+00:00,25812.50129584578,2,307.76518338312394,trail
MNQ,1,2026-01-07 00:05:00+00:00,25838.5,2026-01-07 00:30:00+00:00,25823.20723635325,5,-156.02763646750245,trail
MNQ,-1,2026-01-07 01:30:00+00:00,25820.25,2026-01-07 02:05:00+00:00,25829.899910745793,7,-139.43875044110231,trail
MNQ,-1,2026-01-07 06:40:00+00:00,25771.0,2026-01-07 08:05:00+00:00,25774.563913249476,4,-30.99130599580938,trail
MNQ,1,2026-01-08 01:55:00+00:00,25837.25,2026-01-08 02:20:00+00:00,25823.108399274162,8,-231.22561161340215,trail
MNQ,-1,2026-01-08 02:35:00+00:00,25810.25,2026-01-08 02:45:00+00:00,25796.213635858403,5,137.26364141597006,trail
MNQ,1,2026-01-08 07:35:00+00:00,25774.5,2026-01-08 09:15:00+00:00,25771.87126707752,1,-5.87746584495937,trail
MNQ,-1,2026-01-08 09:55:00+00:00,25769.25,2026-01-08 10:40:00+00:00,25768.099302128834,15,25.22093613497709,trail
MNQ,1,2026-01-08 11:15:00+00:00,25772.25,2026-01-08 11:30:00+00:00,25762.619558049617,7,-139.16618730536342,trail
MNQ,-1,2026-01-08 12:45:00+00:00,25767.25,2026-01-08 13:10:00+00:00,25780.649247641122,8,-219.34796225795523,trail
MNQ,1,2026-01-08 13:25:00+00:00,25804.25,2026-01-08 13:30:00+00:00,25787.780064985756,2,-67.11974005697469,trail
MNQ,-1,2026-01-08 18:25:00+00:00,25658.0,2026-01-08 19:50:00+00:00,25643.431585131137,4,114.06731895090662,trail
MNQ,-1,2026-01-09 00:00:00+00:00,25676.5,2026-01-09 00:40:00+00:00,25695.11091681445,5,-189.2091681445032,trail
MNQ,1,2026-01-09 02:40:00+00:00,25689.0,2026-01-09 03:05:00+00:00,25669.96283639472,5,-193.4716360528051,trail
MNQ,-1,2026-01-09 04:20:00+00:00,25660.0,2026-01-09 04:50:00+00:00,25676.878047580572,6,-206.25657096686948,trail
MNQ,1,2026-01-09 05:10:00+00:00,25677.5,2026-01-09 05:35:00+00:00,25668.922595881584,13,-231.07250707881263,trail
MNQ,1,2026-01-09 06:10:00+00:00,25681.5,2026-01-09 07:05:00+00:00,25681.658420993328,7,-2.122106093407492,trail
MNQ,-1,2026-01-09 07:35:00+00:00,25668.25,2026-01-09 07:40:00+00:00,25675.9275022539,8,-127.8000360624073,trail
MNQ,1,2026-01-09 08:25:00+00:00,25691.25,2026-01-09 08:30:00+00:00,25677.166050853466,8,-230.30318634454395,trail
MNQ,-1,2026-01-09 09:10:00+00:00,25673.0,2026-01-09 09:25:00+00:00,25688.280627816814,7,-218.26878943539108,trail
MNQ,1,2026-01-09 09:40:00+00:00,25711.25,2026-01-09 11:55:00+00:00,25745.063699241982,3,201.02219545189348,trail
MNQ,1,2026-01-09 13:10:00+00:00,25742.0,2026-01-09 13:30:00+00:00,25751.33373710461,7,126.33231946455285,trail
MNQ,1,2026-01-09 15:35:00+00:00,25842.75,2026-01-09 15:45:00+00:00,25768.21431850363,1,-149.69136299274135,trail
MNQ,-1,2026-01-12 08:30:00+00:00,25659.75,2026-01-12 08:55:00+00:00,25669.772434974075,1,-20.664869948149427,trail
MNQ,-1,2026-01-13 03:10:00+00:00,25884.75,2026-01-13 03:55:00+00:00,25881.89857314186,12,60.99424459532253,trail
MNQ,1,2026-01-13 09:20:00+00:00,25926.0,2026-01-13 09:40:00+00:00,25912.77824155337,7,-189.44461825282983,trail
MNQ,1,2026-01-13 12:20:00+00:00,25910.25,2026-01-13 12:55:00+00:00,25899.082454438085,6,-137.7305467429821,trail
MNQ,1,2026-01-13 13:40:00+00:00,25989.25,2026-01-13 13:50:00+00:00,25953.969220259543,1,-71.18155948091328,trail
MNQ,-1,2026-01-13 18:05:00+00:00,25873.75,2026-01-13 19:50:00+00:00,25873.4744991781,1,-0.06899835620162775,trail
MNQ,1,2026-01-13 21:10:00+00:00,25911.5,2026-01-13 23:25:00+00:00,25888.18946171484,2,-94.48215314064349,trail
MNQ,-1,2026-01-14 02:00:00+00:00,25884.0,2026-01-14 02:15:00+00:00,25896.79910671863,5,-131.09106718630355,trail
MNQ,1,2026-01-14 03:25:00+00:00,25916.0,2026-01-14 04:05:00+00:00,25907.414790368843,6,-106.74251557388808,trail
MNQ,-1,2026-01-14 04:40:00+00:00,25891.25,2026-01-14 06:10:00+00:00,25857.82497010861,6,397.3803586966835,trail
MNQ,-1,2026-01-14 08:45:00+00:00,25843.75,2026-01-14 09:00:00+00:00,25864.22478295188,4,-166.27826361502636,trail
MNQ,-1,2026-01-14 10:00:00+00:00,25842.75,2026-01-14 10:20:00+00:00,25795.75173757739,5,466.8826242261042,trail
MNQ,-1,2026-01-14 13:55:00+00:00,25754.0,2026-01-14 14:30:00+00:00,25725.455176239255,3,169.4089425644712,trail
MNQ,1,2026-01-14 23:45:00+00:00,25599.0,2026-01-15 01:00:00+00:00,25605.52463260298,4,49.71706082384801,trail
MNQ,1,2026-01-15 03:15:00+00:00,25622.25,2026-01-15 03:25:00+00:00,25602.430907121645,5,-201.2909287835515,trail
MNQ,-1,2026-01-15 03:40:00+00:00,25601.25,2026-01-15 05:05:00+00:00,25595.246627433706,5,56.93372566294274,trail
MNQ,1,2026-01-15 05:30:00+00:00,25613.25,2026-01-15 05:55:00+00:00,25620.537079186957,7,97.6791086174018,trail
MNQ,1,2026-01-15 16:25:00+00:00,25905.25,2026-01-15 17:25:00+00:00,25880.195005085643,2,-101.45997965742775,trail
MNQ,1,2026-01-15 18:50:00+00:00,25889.75,2026-01-15 19:00:00+00:00,25866.627560811456,5,-234.32439188544376,trail
MNQ,-1,2026-01-15 19:10:00+00:00,25839.75,2026-01-15 23:00:00+00:00,25714.39314044896,1,250.09371910208108,trail
MNQ,1,2026-01-15 23:45:00+00:00,25743.5,2026-01-16 01:15:00+00:00,25754.994704612887,4,89.47763690309831,trail
MNQ,1,2026-01-16 09:15:00+00:00,25824.25,2026-01-16 09:55:00+00:00,25816.95110008656,7,-106.52459878815338,trail
MNQ,1,2026-01-16 10:30:00+00:00,25849.25,2026-01-16 11:40:00+00:00,25850.59472965121,3,6.208377907256946,trail
MNQ,1,2026-01-16 14:25:00+00:00,25868.25,2026-01-16 14:30:00+00:00,25849.942236947816,2,-74.47105220873549,trail
MNQ,-1,2026-01-16 15:05:00+00:00,25754.75,2026-01-16 15:55:00+00:00,25664.28364756239,1,180.31270487521658,trail
MNQ,-1,2026-01-16 17:15:00+00:00,25701.25,2026-01-16 18:15:00+00:00,25703.612319681484,3,-16.033918088905338,trail
MNQ,-1,2026-01-16 19:35:00+00:00,25706.0,2026-01-16 19:50:00+00:00,25726.12143107905,5,-204.31431079049216,trail
MNQ,-1,2026-01-16 21:10:00+00:00,25679.0,2026-01-18 23:00:00+00:00,25473.647471010518,2,820.1701159579295,trail
MNQ,-1,2026-01-19 07:15:00+00:00,25368.75,2026-01-19 08:00:00+00:00,25359.510569612576,3,53.57658232454618,trail
MNQ,-1,2026-01-19 09:25:00+00:00,25323.75,2026-01-19 10:20:00+00:00,25305.485034165387,2,71.81986333845067,trail
MNQ,-1,2026-01-19 14:30:00+00:00,25266.0,2026-01-19 14:50:00+00:00,25276.81375105432,2,-44.49500421728066,trail
MNQ,-1,2026-01-20 00:15:00+00:00,25349.0,2026-01-20 00:35:00+00:00,25359.72640008992,2,-44.14560035967792,trail
MNQ,1,2026-01-20 01:15:00+00:00,25399.25,2026-01-20 02:20:00+00:00,25402.099171633632,2,10.156686534528271,trail
MNQ,-1,2026-01-20 14:05:00+00:00,25234.0,2026-01-20 14:30:00+00:00,25257.987753033296,4,-194.38202426636823,trail
MNQ,1,2026-01-20 14:45:00+00:00,25298.25,2026-01-20 15:00:00+00:00,25274.365480890072,1,-48.389038219856154,trail
MNQ,-1,2026-01-20 17:40:00+00:00,25292.5,2026-01-20 21:10:00+00:00,25156.635599018642,1,271.1088019627158,trail
MNQ,-1,2026-01-21 00:00:00+00:00,25128.5,2026-01-21 00:20:00+00:00,25152.39158332695,2,-96.80633330779732,trail
MNQ,1,2026-01-21 00:40:00+00:00,25174.0,2026-01-21 02:15:00+00:00,25193.375855408427,3,114.39513245056209,trail
MNQ,1,2026-01-21 03:20:00+00:00,25222.75,2026-01-21 03:45:00+00:00,25199.542495603382,2,-94.07001758647151,trail
MNQ,1,2026-01-21 05:20:00+00:00,25206.25,2026-01-21 06:25:00+00:00,25209.129842955917,4,20.558743647339288,trail
MNQ,1,2026-01-21 07:25:00+00:00,25240.25,2026-01-21 07:50:00+00:00,25220.91317898734,3,-117.88092607596569,trail
MNQ,1,2026-01-22 03:20:00+00:00,25590.75,2026-01-22 04:15:00+00:00,25571.837372877417,5,-192.22627122583216,trail
MNQ,1,2026-01-22 07:50:00+00:00,25572.0,2026-01-22 10:10:00+00:00,25683.929924361302,3,669.7195461678135,trail
MNQ,1,2026-01-22 13:10:00+00:00,25692.0,2026-01-22 13:30:00+00:00,25680.10943340438,5,-122.0056659561902,trail
MNQ,-1,2026-01-22 14:50:00+00:00,25621.75,2026-01-22 15:30:00+00:00,25613.495885171407,1,15.88822965718544,trail
MNQ,1,2026-01-22 16:30:00+00:00,25672.5,2026-01-22 18:55:00+00:00,25679.788699741453,2,27.914798965813826,trail
MNQ,1,2026-01-23 00:45:00+00:00,25640.5,2026-01-23 02:40:00+00:00,25668.621626188407,4,222.49300950725913,trail
MNQ,1,2026-01-23 07:35:00+00:00,25706.75,2026-01-23 07:45:00+00:00,25698.1724863549,14,-248.85038206283178,trail
MNQ,-1,2026-01-23 13:40:00+00:00,25588.75,2026-01-23 14:25:00+00:00,25596.44674111352,4,-64.0539289081539,trail
MNQ,1,2026-01-26 01:15:00+00:00,25621.5,2026-01-26 02:40:00+00:00,25627.334300140163,1,11.048600280325337,trail
MNQ,1,2026-01-26 03:20:00+00:00,25635.5,2026-01-26 03:50:00+00:00,25612.32876379647,5,-234.81236203528678,trail
MNQ,1,2026-01-26 04:40:00+00:00,25629.0,2026-01-26 06:30:00+00:00,25676.635339556145,7,662.5547537860367,trail
MNQ,-1,2026-01-26 09:45:00+00:00,25598.0,2026-01-26 09:55:00+00:00,25620.25495345502,1,-45.129906910039715,trail
MNQ,1,2026-01-26 12:10:00+00:00,25707.5,2026-01-26 12:25:00+00:00,25684.23740288446,2,-94.29038846215757,trail
MNQ,1,2026-01-26 18:30:00+00:00,25923.0,2026-01-26 18:40:00+00:00,25893.68753761369,2,-118.48984954524552,trail
MNQ,1,2026-01-26 23:35:00+00:00,25875.5,2026-01-27 04:05:00+00:00,25973.657776566262,10,1956.9555313252465,trail
MNQ,1,2026-01-27 10:40:00+00:00,25994.5,2026-01-27 12:00:00+00:00,26019.768829737786,10,499.17659475572583,trail
MNQ,1,2026-01-27 15:10:00+00:00,26060.0,2026-01-27 17:05:00+00:00,26071.205646352275,2,43.5825854090997,trail
MNQ,1,2026-01-27 18:45:00+00:00,26089.25,2026-01-27 20:30:00+00:00,26090.973272368108,6,16.959268417297864,trail
MNQ,1,2026-01-27 21:45:00+00:00,26113.25,2026-01-27 23:00:00+00:00,26119.039167557094,4,43.83334045674885,trail
MNQ,1,2026-01-28 04:25:00+00:00,26225.5,2026-01-28 06:00:00+00:00,26282.260365124905,10,1129.0073024980927,trail
MNQ,1,2026-01-28 10:40:00+00:00,26309.25,2026-01-28 11:15:00+00:00,26292.88915251776,3,-100.02508489343687,trail
MNQ,-1,2026-01-28 19:40:00+00:00,26147.5,2026-01-28 19:45:00+00:00,26192.30053337544,2,-180.44213350176346,trail
MNQ,-1,2026-01-28 21:10:00+00:00,26195.5,2026-01-28 21:20:00+00:00,26224.162013543257,4,-231.7761083460541,trail
MNQ,1,2026-01-28 21:30:00+00:00,26267.5,2026-01-28 23:10:00+00:00,26217.99229089358,1,-99.635418212839,trail
MNQ,-1,2026-01-28 23:55:00+00:00,26169.75,2026-01-29 01:00:00+00:00,26167.288554295148,1,4.3028914097038795,trail
MNQ,1,2026-01-29 09:15:00+00:00,26261.25,2026-01-29 09:50:00+00:00,26238.6883348854,5,-228.71665114601055,trail
MNQ,-1,2026-01-29 14:15:00+00:00,26152.0,2026-01-29 14:30:00+00:00,26130.88775922381,2,83.20896310476179,trail
MNQ,-1,2026-01-30 00:35:00+00:00,25938.25,2026-01-30 01:50:00+00:00,25858.253019933036,1,159.37396013392834,trail
MNQ,-1,2026-01-30 05:45:00+00:00,25853.25,2026-01-30 06:35:00+00:00,25802.117634001148,5,508.22365998852035,trail
MNQ,-1,2026-01-30 09:25:00+00:00,25705.75,2026-01-30 09:55:00+00:00,25715.635476843134,1,-20.390953686267604,trail
MNQ,-1,2026-01-30 13:50:00+00:00,25825.25,2026-01-30 14:30:00+00:00,25867.118697314167,2,-168.71478925666656,trail
MNQ,1,2026-01-30 14:45:00+00:00,25892.0,2026-01-30 14:55:00+00:00,25839.433624230474,1,-105.75275153905125,trail
MNQ,-1,2026-01-30 20:00:00+00:00,25656.75,2026-01-30 20:45:00+00:00,25655.214277202736,1,2.4514455945271765,trail
MNQ,1,2026-02-02 00:35:00+00:00,25627.75,2026-02-02 01:05:00+00:00,25569.303378319157,2,-235.02648672337295,trail
MNQ,1,2026-02-02 11:25:00+00:00,25457.75,2026-02-02 11:55:00+00:00,25447.294281594426,2,-43.06287362229545,trail
MNQ,1,2026-02-02 23:15:00+00:00,25927.0,2026-02-03 00:00:00+00:00,25940.019724063066,1,25.4194481261319,trail
MNQ,-1,2026-02-03 02:20:00+00:00,25938.75,2026-02-03 02:55:00+00:00,25933.23691626337,5,52.03083736630506,trail
MNQ,1,2026-02-03 03:55:00+00:00,25956.5,2026-02-03 05:05:00+00:00,25961.898364885834,5,50.88364885833871,trail
MNQ,1,2026-02-03 12:35:00+00:00,25989.5,2026-02-03 13:20:00+00:00,25974.08885714973,3,-94.32685710161546,trail
MNQ,-1,2026-02-03 14:15:00+00:00,25941.75,2026-02-03 14:30:00+00:00,25884.71664823553,2,226.89340705787413,trail
MNQ,1,2026-02-04 01:25:00+00:00,25444.25,2026-02-04 02:25:00+00:00,25428.528667306688,3,-96.1879961598746,trail
MNQ,-1,2026-02-04 03:05:00+00:00,25409.75,2026-02-04 03:25:00+00:00,25433.723370983,5,-242.83370982999767,trail
MNQ,1,2026-02-04 03:50:00+00:00,25423.5,2026-02-04 05:05:00+00:00,25419.45693991655,5,-43.530600834515646,trail
MNQ,1,2026-02-04 06:00:00+00:00,25450.0,2026-02-04 06:20:00+00:00,25437.40266163403,4,-103.25870692775469,trail
MNQ,-1,2026-02-04 08:35:00+00:00,25416.5,2026-02-04 09:55:00+00:00,25405.108382185426,1,22.163235629147383,trail
MNQ,1,2026-02-04 10:40:00+00:00,25444.75,2026-02-04 12:05:00+00:00,25453.09692740868,4,64.29541926942649,trail
MNQ,-1,2026-02-04 12:50:00+00:00,25409.5,2026-02-04 13:30:00+00:00,25413.39731768616,2,-16.82927074463281,trail
MNQ,1,2026-02-05 00:35:00+00:00,25124.25,2026-02-05 01:25:00+00:00,25111.066212840593,1,-26.98757431881415,trail
MNQ,-1,2026-02-05 02:20:00+00:00,25041.75,2026-02-05 02:35:00+00:00,25081.280136347454,1,-79.68027269490733,trail
MNQ,-1,2026-02-05 09:10:00+00:00,25001.0,2026-02-05 09:25:00+00:00,25042.73227347088,2,-168.16909388351837,trail
MNQ,1,2026-02-05 10:30:00+00:00,25050.25,2026-02-05 10:35:00+00:00,25031.60850896646,6,-227.41789240248792,trail
MNQ,-1,2026-02-05 11:00:00+00:00,25015.25,2026-02-05 11:20:00+00:00,25064.271939706883,2,-197.32775882753253,trail
MNQ,-1,2026-02-05 18:40:00+00:00,24713.25,2026-02-05 19:10:00+00:00,24764.490802176086,1,-103.10160435217142,trail
MNQ,-1,2026-02-05 19:50:00+00:00,24684.5,2026-02-05 20:05:00+00:00,24766.22762040994,1,-164.0752408198797,trail
MNQ,1,2026-02-06 05:50:00+00:00,24595.0,2026-02-06 06:35:00+00:00,24560.130183608308,1,-70.35963278338488,trail
MNQ,1,2026-02-06 07:40:00+00:00,24547.0,2026-02-06 08:00:00+00:00,24527.098146078722,6,-242.54224705533008,trail
MNQ,1,2026-02-06 08:25:00+00:00,24551.75,2026-02-06 08:40:00+00:00,24534.24109116089,7,-249.46472374754725,trail
MNQ,1,2026-02-06 13:35:00+00:00,24820.0,2026-02-06 13:50:00+00:00,24777.49620219787,2,-171.255191208513,trail
MNQ,1,2026-02-08 23:15:00+00:00,25256.0,2026-02-09 00:00:00+00:00,25271.257461409077,1,29.894922818154445,trail
MNQ,-1,2026-02-09 01:35:00+00:00,25221.75,2026-02-09 02:10:00+00:00,25248.15899118766,2,-106.87596475064696,trail
MNQ,-1,2026-02-09 03:10:00+00:00,25226.0,2026-02-09 05:15:00+00:00,25209.763866852263,2,63.704532590947345,trail
MNQ,-1,2026-02-09 06:15:00+00:00,25165.25,2026-02-09 06:35:00+00:00,25199.416054689824,1,-68.9521093796476,trail
MNQ,-1,2026-02-09 09:25:00+00:00,25156.25,2026-02-09 10:50:00+00:00,25018.63567249112,4,1098.4346200710384,trail
MNQ,-1,2026-02-09 14:15:00+00:00,25047.75,2026-02-09 14:30:00+00:00,25017.61497778773,2,119.30008884908399,trail
MNQ,-1,2026-02-09 23:25:00+00:00,25351.5,2026-02-09 23:40:00+00:00,25372.34324364799,2,-84.61297459195542,trail
MNQ,-1,2026-02-10 06:40:00+00:00,25302.75,2026-02-10 07:00:00+00:00,25318.68166294438,4,-129.93330355502664,trail
MNQ,1,2026-02-10 07:35:00+00:00,25332.5,2026-02-10 08:00:00+00:00,25328.36103424449,9,-80.08138359914854,trail
MNQ,1,2026-02-10 12:05:00+00:00,25379.25,2026-02-10 12:35:00+00:00,25393.911882109067,5,143.51882109066938,trail
MNQ,-1,2026-02-10 13:10:00+00:00,25320.5,2026-02-10 13:15:00+00:00,25335.282496494754,2,-60.36998597901606,trail
MNQ,1,2026-02-10 14:15:00+00:00,25393.75,2026-02-10 14:30:00+00:00,25364.92227303496,3,-174.82636179023336,trail
MNQ,1,2026-02-10 15:15:00+00:00,25407.25,2026-02-10 15:55:00+00:00,25355.655174927848,1,-103.80965014430433,trail
MNQ,-1,2026-02-10 16:35:00+00:00,25337.5,2026-02-10 17:15:00+00:00,25374.80820905284,1,-75.23641810568108,trail
MNQ,1,2026-02-10 17:50:00+00:00,25389.25,2026-02-10 18:10:00+00:00,25343.764269933992,2,-183.18292026403128,trail
MNQ,-1,2026-02-10 18:30:00+00:00,25282.25,2026-02-10 21:30:00+00:00,25236.69548160702,1,90.48903678595786,trail
MNQ,1,2026-02-10 23:20:00+00:00,25281.25,2026-02-11 02:40:00+00:00,25311.332764287323,6,357.27317144787344,trail
MNQ,1,2026-02-11 17:40:00+00:00,25304.25,2026-02-11 18:05:00+00:00,25239.465622469106,1,-130.18875506178767,trail
MNQ,1,2026-02-12 01:05:00+00:00,25266.5,2026-02-12 01:15:00+00:00,25245.808029035947,6,-252.0236515686399,trail
MNQ,1,2026-02-12 07:25:00+00:00,25351.25,2026-02-12 08:10:00+00:00,25343.0452224071,3,-51.08866555739165,trail
MNQ,1,2026-02-12 09:10:00+00:00,25357.5,2026-02-12 09:45:00+00:00,25336.566683953126,5,-212.43316046874097,trail
MNQ,1,2026-02-12 11:25:00+00:00,25367.0,2026-02-12 11:40:00+00:00,25346.2227998843,4,-168.6976009255927,trail
MNQ,1,2026-02-12 13:50:00+00:00,25393.75,2026-02-12 14:05:00+00:00,25372.328971485316,3,-130.3861710881023,trail
MNQ,-1,2026-02-12 20:25:00+00:00,24804.5,2026-02-12 21:05:00+00:00,24799.292276686352,1,9.795446627295751,trail
MNQ,-1,2026-02-12 23:45:00+00:00,24807.5,2026-02-13 00:00:00+00:00,24838.12594277901,2,-123.74377111604029,trail
MNQ,1,2026-02-13 00:15:00+00:00,24832.5,2026-02-13 00:25:00+00:00,24786.486274913375,2,-185.29490034649848,trail
MNQ,-1,2026-02-13 00:40:00+00:00,24743.25,2026-02-13 01:00:00+00:00,24773.97596757401,1,-62.0719351480194,trail
MNQ,1,2026-02-13 02:15:00+00:00,24803.75,2026-02-13 03:20:00+00:00,24790.49136421436,3,-81.41181471385003,trail
MNQ,-1,2026-02-13 03:35:00+00:00,24788.75,2026-02-13 04:15:00+00:00,24780.974739920643,6,89.58312095228874,trail
MNQ,-1,2026-02-13 11:00:00+00:00,24706.0,2026-02-13 11:35:00+00:00,24682.37946781339,1,46.62106437322189,trail
MNQ,1,2026-02-13 13:45:00+00:00,24789.5,2026-02-13 14:05:00+00:00,24732.308757439467,1,-115.00248512106657,trail
MNQ,1,2026-02-13 15:15:00+00:00,24753.25,2026-02-13 15:40:00+00:00,24776.810988516576,1,46.50197703315178,trail
MNQ,1,2026-02-15 23:55:00+00:00,24836.5,2026-02-16 02:10:00+00:00,24840.063168425015,2,13.012673700058949,trail
MNQ,1,2026-02-16 07:05:00+00:00,24850.75,2026-02-16 08:00:00+00:00,24852.273258380068,3,7.279550280408003,trail
MNQ,-1,2026-02-17 01:45:00+00:00,24757.25,2026-02-17 01:50:00+00:00,24731.387705339566,2,102.20917864173477,trail
MNQ,-1,2026-02-17 10:45:00+00:00,24611.5,2026-02-17 11:25:00+00:00,24616.588822110072,2,-21.595288440288858,trail
MNQ,-1,2026-02-17 12:45:00+00:00,24587.75,2026-02-17 13:20:00+00:00,24566.291658206384,2,84.59336717446219,trail
MNQ,1,2026-02-17 14:05:00+00:00,24656.0,2026-02-17 14:30:00+00:00,24679.22531803654,1,45.830636073081116,trail
MNQ,-1,2026-02-17 15:10:00+00:00,24498.5,2026-02-17 15:15:00+00:00,24603.647702021513,1,-210.9154040430268,trail
MNQ,1,2026-02-18 02:15:00+00:00,24747.5,2026-02-18 03:10:00+00:00,24744.053271995705,9,-67.62110407731787,trail
MNQ,1,2026-02-18 07:50:00+00:00,24833.0,2026-02-18 08:00:00+00:00,24838.22662908178,7,68.83280714490334,trail
MNQ,1,2026-02-18 12:20:00+00:00,24933.0,2026-02-18 12:25:00+00:00,24916.422714450473,7,-236.42199769337807,trail
MNQ,-1,2026-02-19 00:35:00+00:00,24940.75,2026-02-19 01:00:00+00:00,24961.09175192397,6,-247.8210230876418,trail
MNQ,1,2026-02-19 01:20:00+00:00,24965.0,2026-02-19 01:35:00+00:00,24955.116998623784,12,-244.6320330291905,trail
MNQ,-1,2026-02-19 04:55:00+00:00,24956.25,2026-02-19 05:15:00+00:00,24964.031603990952,4,-64.73283192761708,trail
MNQ,1,2026-02-19 05:55:00+00:00,24996.75,2026-02-19 07:40:00+00:00,25025.28795400829,5,282.27954008290396,trail
MNQ,-1,2026-02-19 09:00:00+00:00,24944.5,2026-02-19 09:45:00+00:00,24900.11733426163,1,88.14533147673762,trail
MNQ,-1,2026-02-19 13:20:00+00:00,24815.75,2026-02-19 13:30:00+00:00,24842.435923225228,2,-107.98369290091271,trail
MNQ,1,2026-02-19 15:15:00+00:00,24901.75,2026-02-19 16:40:00+00:00,24867.359026605878,1,-69.40194678824366,trail
MNQ,-1,2026-02-19 17:00:00+00:00,24823.25,2026-02-19 17:20:00+00:00,24896.864506662034,1,-147.84901332406764,trail
MNQ,-1,2026-02-19 19:50:00+00:00,24776.25,2026-02-19 20:45:00+00:00,24820.62564099837,2,-178.74256399347564,trail
MNQ,-1,2026-02-20 02:40:00+00:00,24889.5,2026-02-20 03:00:00+00:00,24907.78497570951,4,-148.75980567608028,trail
MNQ,1,2026-02-20 03:30:00+00:00,24904.0,2026-02-20 03:40:00+00:00,24892.617235500322,10,-233.8552899935632,trail
MNQ,-1,2026-02-20 03:55:00+00:00,24889.75,2026-02-20 04:05:00+00:00,24908.85132669898,6,-232.9359203877527,trail
MNQ,1,2026-02-20 04:25:00+00:00,24902.5,2026-02-20 06:30:00+00:00,24940.880387146575,7,532.9854200520532,trail
MNQ,1,2026-02-20 09:15:00+00:00,24978.5,2026-02-20 09:35:00+00:00,24953.877129655626,2,-99.7314813774958,trail
MNQ,1,2026-02-20 14:55:00+00:00,24900.25,2026-02-20 15:00:00+00:00,24963.009827039914,1,124.89965407982788,trail
MNQ,1,2026-02-20 21:05:00+00:00,25080.25,2026-02-22 23:00:00+00:00,25051.409463429154,1,-58.30107314169174,trail
MNQ,-1,2026-02-22 23:25:00+00:00,24980.25,2026-02-23 03:00:00+00:00,24848.003557763055,1,263.8728844738897,trail
MNQ,1,2026-02-23 13:55:00+00:00,24935.5,2026-02-23 14:30:00+00:00,24992.028301989412,6,674.6196238729474,trail
MNQ,-1,2026-02-23 19:15:00+00:00,24732.75,2026-02-23 20:30:00+00:00,24726.407587206548,3,36.19447676071344,trail
MNQ,1,2026-02-24 09:50:00+00:00,24839.25,2026-02-24 10:30:00+00:00,24833.30828948522,2,-25.0068420591217,trail
MNQ,-1,2026-02-24 11:35:00+00:00,24811.5,2026-02-24 12:00:00+00:00,24835.417020932367,5,-242.2702093236745,trail
MNQ,1,2026-02-24 12:15:00+00:00,24851.25,2026-02-24 12:20:00+00:00,24835.63502779089,3,-95.54983325466252,trail
MNQ,-1,2026-02-24 12:55:00+00:00,24815.5,2026-02-24 13:00:00+00:00,24833.219110853002,6,-216.34933023602818,trail
MNQ,1,2026-02-24 13:35:00+00:00,24843.5,2026-02-24 14:10:00+00:00,24852.181353502576,4,66.97082802060642,trail
MNQ,1,2026-02-24 15:00:00+00:00,24840.75,2026-02-24 18:20:00+00:00,25031.401147030116,2,761.3645881204627,trail
MNQ,1,2026-02-24 21:00:00+00:00,25022.0,2026-02-24 21:05:00+00:00,25009.649463416834,9,-227.88965849698988,trail
MNQ,-1,2026-02-24 23:05:00+00:00,25002.0,2026-02-24 23:10:00+00:00,25023.14493161642,4,-171.63945293137337,trail
MNQ,1,2026-02-24 23:45:00+00:00,25032.25,2026-02-25 00:25:00+00:00,25024.26567784581,5,-82.94322154188703,trail
MNQ,-1,2026-02-25 03:30:00+00:00,25041.5,2026-02-25 03:35:00+00:00,25035.841155127884,2,21.395379488463515,trail
MNQ,1,2026-02-25 08:15:00+00:00,25068.0,2026-02-25 08:30:00+00:00,25061.717466141297,3,-39.55520315221598,trail
MNQ,-1,2026-02-25 23:35:00+00:00,25325.75,2026-02-26 00:00:00+00:00,25334.7537266605,1,-18.62745332099905,trail
MNQ,-1,2026-02-26 04:25:00+00:00,25298.5,2026-02-26 05:20:00+00:00,25301.319880690593,7,-43.81832966830174,trail
MNQ,1,2026-02-26 06:10:00+00:00,25333.75,2026-02-26 07:25:00+00:00,25330.702334230424,3,-20.145994617457617,trail
MNQ,1,2026-02-26 12:15:00+00:00,25369.75,2026-02-26 13:00:00+00:00,25364.10939798331,7,-83.30842823366751,trail
MNQ,-1,2026-02-26 14:35:00+00:00,25275.75,2026-02-26 14:40:00+00:00,25281.86023959855,1,-12.840479197101667,trail
MNQ,-1,2026-02-26 23:05:00+00:00,24981.25,2026-02-26 23:10:00+00:00,25004.29198084599,1,-46.70396169197658,trail
MNQ,1,2026-02-27 02:30:00+00:00,25006.0,2026-02-27 03:35:00+00:00,25009.08933912414,6,33.35206948968815,trail
MNQ,1,2026-02-27 07:20:00+00:00,25065.25,2026-02-27 08:05:00+00:00,25063.837745381014,3,-10.333527713918883,trail
MNQ,1,2026-02-27 15:15:00+00:00,24948.0,2026-02-27 17:15:00+00:00,24945.662667582466,1,-5.294664835067233,trail
MNQ,-1,2026-02-27 17:55:00+00:00,24945.5,2026-02-27 19:00:00+00:00,24939.373064244086,2,23.267743023656077,trail
MNQ,1,2026-02-27 20:25:00+00:00,24979.0,2026-02-27 20:35:00+00:00,24943.631766026654,1,-71.35646794669185,trail
MNQ,1,2026-03-02 01:25:00+00:00,24869.5,2026-03-02 02:05:00+00:00,24843.610219004142,3,-157.19868597514812,trail
MNQ,-1,2026-03-02 12:40:00+00:00,24639.25,2026-03-02 13:10:00+00:00,24663.124361949565,3,-145.10617169739214,trail
MNQ,-1,2026-03-02 14:10:00+00:00,24631.5,2026-03-02 14:30:00+00:00,24670.28884655682,3,-234.59307934092737,trail
MNQ,1,2026-03-02 19:25:00+00:00,25079.75,2026-03-02 20:05:00+00:00,25047.188842135867,1,-65.74231572826568,trail
MNQ,-1,2026-03-03 13:50:00+00:00,24478.75,2026-03-03 14:20:00+00:00,24521.446697095,1,-86.01339419000317,trail
MNQ,-1,2026-03-03 15:10:00+00:00,24502.75,2026-03-03 16:00:00+00:00,24482.768045869005,1,39.343908261990585,trail
MNQ,1,2026-03-03 16:25:00+00:00,24619.5,2026-03-03 17:30:00+00:00,24612.12193600324,1,-15.37612799351802,trail
MNQ,-1,2026-03-04 01:25:00+00:00,24650.0,2026-03-04 01:35:00+00:00,24701.350397840484,1,-103.32079568096844,trail
MNQ,1,2026-03-04 13:20:00+00:00,24870.75,2026-03-04 14:25:00+00:00,24856.31272842991,2,-58.98908628035337,trail
MNQ,-1,2026-03-05 01:35:00+00:00,25164.0,2026-03-05 01:40:00+00:00,25129.151402891854,5,345.3859710814635,trail
MNQ,-1,2026-03-05 05:50:00+00:00,25047.5,2026-03-05 06:05:00+00:00,25029.192842177785,2,71.98863128886093,trail
MNQ,-1,2026-03-05 08:20:00+00:00,25027.0,2026-03-05 08:45:00+00:00,25032.172992658365,3,-32.897955950188916,trail
MNQ,-1,2026-03-05 15:45:00+00:00,25040.5,2026-03-05 16:45:00+00:00,25050.274408759455,1,-20.168817518909346,trail
MNQ,1,2026-03-06 07:45:00+00:00,25122.75,2026-03-06 08:00:00+00:00,25108.883621326364,8,-226.82205877817702,trail
MNQ,-1,2026-03-06 08:20:00+00:00,25082.25,2026-03-06 08:25:00+00:00,25075.831573213956,2,24.433707144174843,trail
MNQ,-1,2026-03-06 17:50:00+00:00,24792.75,2026-03-06 18:10:00+00:00,24851.156622590912,2,-234.86649036364747,trail
MNQ,1,2026-03-06 18:30:00+00:00,24846.0,2026-03-06 19:20:00+00:00,24789.302421602395,2,-228.03031359041984,trail
MNQ,1,2026-03-09 11:45:00+00:00,24376.5,2026-03-09 12:35:00+00:00,24394.073518595396,2,69.05407438158524,trail
MNQ,1,2026-03-09 13:25:00+00:00,24433.25,2026-03-09 13:30:00+00:00,24447.777647706705,1,28.43529541341093,trail
MNQ,1,2026-03-09 18:40:00+00:00,24686.75,2026-03-09 19:00:00+00:00,24644.114578239594,1,-85.89084352081147,trail
MNQ,-1,2026-03-09 23:45:00+00:00,24877.0,2026-03-10 00:20:00+00:00,24890.7408363637,2,-56.20334545480204,trail
MNQ,1,2026-03-10 00:50:00+00:00,24942.0,2026-03-10 02:30:00+00:00,24954.264337920304,1,23.90867584060732,trail
MNQ,1,2026-03-10 05:15:00+00:00,24938.75,2026-03-10 06:50:00+00:00,24946.521391788854,2,29.845567155416358,trail
MNQ,1,2026-03-10 13:40:00+00:00,25030.75,2026-03-10 13:55:00+00:00,24978.227298745223,1,-105.66540250955325,trail
MNQ,-1,2026-03-10 14:20:00+00:00,24978.5,2026-03-10 14:25:00+00:00,25023.146142188223,2,-179.82456875289267,trail
