n,insufficient,mean_bps,median_bps,baseline_mean_bps,prob_positive,prob_negative,mean_positive_bps,mean_negative_bps,mean_abs_bps,p5_bps,p95_bps,t_stat_vs_baseline,p_value_vs_baseline,symbol,split,threshold_pctile,horizon_bars
38152,False,0.3258223424153392,0.5077947120046833,0.1436489664341841,0.5177448102327532,0.4822551897672468,11.656047215216539,-11.838204610812666,11.743893564597256,-26.551584131433824,25.197448817424217,1.736062675838204,0.0825608261843683,MES,discovery,0.7,5
32049,False,0.22227648415169152,0.4859558752068338,0.1436489664341841,0.5147118474835408,0.4852881525164592,12.067141866646525,-12.34075954424378,12.199925283903541,-27.576973494756185,26.377949116488576,0.6718389274687446,0.5016910866666586,MES,discovery,0.75,5
25933,False,0.28191505278999435,0.5137426149492974,0.1436489664341841,0.516176300466587,0.48382369953341303,12.518141202452558,-12.772530092613932,12.641220576410635,-28.425681599205,27.46008049209834,1.0722656137632158,0.28361072540345716,MES,discovery,0.8,5
20136,False,0.24263801875108845,0.5217845086824546,0.1436489664341841,0.5153953118792213,0.4846046881207787,13.000148646697872,-13.325454346163006,13.157793313731087,-29.431630892890748,28.028368452657215,0.6553580012806964,0.5122447725156001,MES,discovery,0.85,5
14294,False,0.27288372565178587,0.5205383597328694,0.1436489664341841,0.5136420875891983,0.48635791241080173,13.756624206003275,-13.967280630898939,13.859078625051453,-30.397766779160897,29.0363486290468,0.6794643536018248,0.4968546895130961,MES,discovery,0.9,5
7853,False,0.23533772421352517,0.8246742536699436,0.1436489664341841,0.5168725327900165,0.48312746720998345,14.50426090999139,-15.030228752083879,14.75837042137543,-32.37076217240875,30.398998930184714,0.32745334149146504,0.7433337570443054,MES,discovery,0.95,5
4661,False,-0.02076017808626681,0.820613819136895,0.1436489664341841,0.5172709718944433,0.48272902810555673,15.331972692097853,-16.47206637809245,15.882329009087305,-35.04161191414834,33.08823529411864,-0.4194232629015629,0.6749261592429652,MES,discovery,0.975,5
38147,False,0.5872948857672556,1.0438413361169019,0.28694543347612245,0.525572128869898,0.474427871130102,16.26011831453826,-16.775089738137588,16.50443511072933,-36.91129465757625,35.32133161826499,2.085374292569964,0.03704196906158599,MES,discovery,0.7,10
32044,False,0.3801446137925127,0.9644893365823304,0.28694543347612245,0.5218137560853826,0.4781862439146174,16.731661027909794,-17.463208904477742,17.081477159249534,-38.353876460295474,36.26622963532876,0.5890470668828537,0.555833853058541,MES,discovery,0.75,10
25931,False,0.43539030533884343,1.1582564379764015,0.28694543347612245,0.5237360687979639,0.4762639312020362,17.249368562326215,-18.054539954430023,17.632842654820994,-39.877531049870015,37.40891979650329,0.849086727648559,0.39584087378562016,MES,discovery,0.8,10
20136,False,0.5516256750986549,1.1792221433792882,0.28694543347612245,0.5235399284862932,0.4764600715137068,17.873421738088833,-18.481767497305185,18.163274202030113,-40.318928237853825,38.84448335110091,1.3027369711001098,0.19267947435059787,MES,discovery,0.85,10
14294,False,0.7129091456332434,1.2543379537199861,0.28694543347612245,0.5245557576605568,0.4754442423394431,18.629037976188986,-19.053885140933406,18.83102911454096,-41.06214392131019,40.143694863396505,1.7384651209819442,0.08215042440096179,MES,discovery,0.9,10
7853,False,0.4123429561885424,1.2304158805687138,0.28694543347612245,0.5213294282439832,0.4786705717560168,19.148684710673678,-19.993771207914182,19.55320274749108,-42.944123089531324,41.50149109105381,0.36708861020188094,0.7135628153226914,MES,discovery,0.95,10
4661,False,0.15271298019948423,1.3932751253942222,0.28694543347612245,0.5230637202317099,0.47693627976829006,20.30536163128612,-21.94902224757794,21.089283010821994,-45.848616205401704,43.7138563817685,-0.27977130475672585,0.7796653853747515,MES,discovery,0.975,10
38146,False,1.1798604212506818,2.081869757096788,0.5749546171777185,0.5369894615424946,0.4630105384575054,22.483927259815715,-23.528128771432257,22.967403563967434,-51.83525174051906,49.290975460649086,2.998293365953738,0.002716711151133467,MES,discovery,0.7,20
32044,False,1.0568631285613574,2.0160870444785317,0.5749546171777185,0.5333603794782175,0.46663962052178254,23.135854169798513,-24.179011671531214,23.622632790551513,-52.78148631907503,50.70895880430726,2.1627519339900836,0.030567636873799715,MES,discovery,0.75,20
25931,False,1.1752495722355307,2.1749532385051396,0.5749546171777185,0.535652308048282,0.46434769195171804,23.805092511487473,-24.929602053560455,24.327255921926746,-53.942049426051184,52.538730822454525,2.4104691971304466,0.01593892978113231,MES,discovery,0.8,20
20136,False,1.528468641852863,2.3914112587319902,0.5749546171777185,0.5382399682161303,0.4617600317838697,24.805173677585223,-25.603487604357863,25.173803141785264,-54.34894745513452,54.936432986116834,3.252494868814535,0.001145849723203912,MES,discovery,0.85,20
14294,False,1.6415286854526214,2.5058470462102633,0.5749546171777185,0.5365188190849307,0.46348118091506924,25.89107389934072,-26.429378823273094,26.140568101177298,-54.51268318682806,57.469674658236315,3.062115393674282,0.0022018699049491997,MES,discovery,0.9,20
7853,False,1.778811421225212,2.822998023901402,0.5749546171777185,0.5399210492805298,0.46007895071947025,26.269520112755345,-26.96201472106312,26.588122305524482,-55.56768739556972,58.372890033802506,2.6318566876154943,0.008508575899191814,MES,discovery,0.95,20
4661,False,0.6040509217592194,2.095645249171607,0.5749546171777185,0.5254237288135594,0.4745762711864407,27.668581365476218,-29.360250640927454,28.471407462300537,-60.29607451763175,61.63186459387404,0.04603345476316942,0.9632855576107257,MES,discovery,0.975,20
38146,False,2.506221509711122,4.137617148056716,1.1492413830124588,0.560950034079589,0.43904996592041107,29.91595635578705,-32.5136916880637,31.056491964893365,-67.46798799451642,65.89316740075957,4.918861121287095,8.741096534371641e-07,MES,discovery,0.7,40
32044,False,2.3011635156765293,4.100797689611246,1.1492413830124588,0.558482087130196,0.441517912869804,30.71906420402127,-33.645030343428466,32.010930667020055,-69.69280450368474,67.19582502365839,3.7224633640447915,0.00019762598354643393,MES,discovery,0.75,40
25931,False,2.579762156459517,4.433999911319653,1.1492413830124588,0.5623770776290926,0.4376229223709074,31.531044107126323,-34.624727153249154,32.884910722659924,-71.67196525639797,69.38325437155002,4.084549767650789,4.429493981824975e-05,MES,discovery,0.8,40
20136,False,3.5769821571850406,4.808906678627212,1.1492413830124588,0.5669447755264203,0.43305522447357964,32.896488642248165,-34.80736257142513,33.72400258058861,-71.81571388405195,72.05514809310532,5.952437574518939,2.685563276696809e-09,MES,discovery,0.85,40
14294,False,4.294084265875228,5.005005431630849,1.1492413830124588,0.56513222331048,0.4348677766895201,34.85468293140844,-35.42092796388302,35.10092464974214,-74.79908983240718,76.13355985329439,6.378528924104834,1.842984944796357e-10,MES,discovery,0.9,40
7853,False,5.688999899250956,5.213517228304099,1.1492413830124588,0.5613141474595696,0.4386858525404304,37.54305410184614,-35.06939514430189,36.45789491316157,-75.8573796438029,80.9643371857897,6.6745970620003146,2.647618773294745e-11,MES,discovery,0.95,40
4661,False,4.711187467865231,4.481089801040561,1.1492413830124588,0.5500965458056211,0.4499034541943789,38.006863326172166,-35.999405236330745,37.10370099740206,-77.56280432628104,85.68164508758525,4.350983595459386,1.384271415055961e-05,MES,discovery,0.975,40
38146,False,3.6890972250873912,4.97321247174054,1.7240846340635767,0.5626015833901327,0.43739841660986734,36.013290463800715,-37.8877389209136,36.83317125095869,-77.24299263941248,77.72413928360145,5.85790952474765,4.725689913625082e-09,MES,discovery,0.7,60
32044,False,3.623884579504503,5.012845418566059,1.7240846340635767,0.5611346898015229,0.4388653101984771,36.976570801789485,-39.02097433842952,37.87378859406788,-78.0016463326203,79.36736824346109,5.05822565643086,4.2550845630548234e-07,MES,discovery,0.75,60
25931,False,3.8650113035969627,5.486284289277776,1.7240846340635767,0.5640738883961282,0.4359261116038718,37.848013161776684,-40.10786273918389,38.833140600865455,-79.8027952869712,81.24096207947518,5.080231793272456,3.795877119130324e-07,MES,discovery,0.8,60
20136,False,4.602127067617724,5.869937421657534,1.7240846340635767,0.5672924116011124,0.43270758839888757,39.03851774511408,-40.54499685170293,39.69038268629945,-80.3767814131448,83.25002842774876,5.86434093603307,4.5796896952453136e-09,MES,discovery,0.85,60
14294,False,5.402805793550688,6.227868854838947,1.7240846340635767,0.5659017769693577,0.4340982230306422,41.28587962398141,-41.37530608628075,41.32469949235747,-83.15435433921513,88.00715051951437,6.142998369851116,8.312513221874557e-10,MES,discovery,0.9,60
7853,False,5.756956814340329,5.995203836930418,1.7240846340635767,0.5601680886285496,0.4398319113714504,43.106991844117516,-41.81189208432495,42.53736564135125,-86.70803996569387,91.49283848393397,4.980279258337704,6.484645548525426e-07,MES,discovery,0.95,60
4661,False,4.915749161892986,5.811781310971487,1.7240846340635767,0.5546020167346063,0.4453979832653937,42.96802527141714,-42.466299847316996,42.74455777936996,-90.54235768713559,95.7198829539263,3.46209751948261,0.0005407999946788652,MES,discovery,0.975,60
38139,False,5.364549866964853,6.086427267193439,2.87623914261817,0.5673195416764991,0.4326804583235009,42.397341029084465,-43.19189798025257,42.74113029488001,-89.13791420447325,93.61438496778344,6.178810492603688,6.523826425195246e-10,MES,discovery,0.7,100
32044,False,5.338320801508807,6.229143603756482,2.87623914261817,0.5675009362127075,0.43249906378729247,43.121720515640085,-44.238930356690005,43.604912725948125,-91.14150802677662,94.67932323392168,5.453823992754932,4.966197619665252e-08,MES,discovery,0.75,100
25931,False,5.504582267456064,6.993985172751849,2.87623914261817,0.5741776252362037,0.42582237476379625,43.30574600317498,-45.46639462632396,44.2257985309144,-92.42292167805921,96.80309818585143,5.312913306584927,1.0877607281828895e-07,MES,discovery,0.8,100
20136,False,6.434359702337365,7.711428322237923,2.87623914261817,0.5809495431068733,0.41905045689312675,44.45299003983371,-46.27267249581767,45.21552880441419,-92.03679618845828,99.5130341494982,6.155128337620929,7.643491513102322e-10,MES,discovery,0.85,100
14294,False,7.220643477129234,8.507521513130278,2.87623914261817,0.5857702532531132,0.4142297467468868,46.19406034635097,-47.89241503426979,46.89756937861398,-94.05544061778431,102.49241905059051,6.170720048466787,6.981441786476596e-10,MES,discovery,0.9,100
7853,False,8.19290171037012,8.850939761544385,2.87623914261817,0.5864001018718961,0.4135998981281039,48.318428434734884,-48.696892183010334,48.474961002466785,-96.02593578203766,109.23786790780764,5.443077275531117,5.394846289938622e-08,MES,discovery,0.95,100
4661,False,9.120915257840734,9.121021554414632,2.87623914261817,0.5902166916970607,0.4097833083029393,48.00840893623229,-46.88929160564364,47.549813334124515,-98.65266042475396,111.10146688655398,5.828407903798806,5.972862454411452e-09,MES,discovery,0.975,100
37485,False,0.3345069166545162,0.8526966531663405,0.16763009769046694,0.5237294917967187,0.4762705082032813,15.305493544912848,-16.128295384693576,15.697369795295812,-36.47038076582998,33.94235075503893,1.250118958005716,0.21126389982246005,MNQ,discovery,0.7,5
31488,False,0.3167924585052788,0.8769924225249248,0.16763009769046694,0.5230881605691057,0.4769118394308943,15.963472388332951,-16.844855348925737,16.383814357312303,-37.93964941427002,35.264490600198535,1.0018779673478198,0.3164102341346406,MNQ,discovery,0.75,5
25743,False,0.43429063228749765,0.9921197346796085,0.16763009769046694,0.5244144039156275,0.47558559608437245,16.548568076834066,-17.334454405806,16.922324295052743,-38.726965217744436,36.13759967266449,1.6273482281420453,0.10367539921933903,MNQ,discovery,0.8,5
19749,False,0.4124362711146762,1.077223456540377,0.16763009769046694,0.5247354296420071,0.4752645703579928,17.2686079432384,-18.198314532019584,17.710464545714483,-40.18967451439459,37.42176245571959,1.259495616813795,0.20786625796654717,MNQ,discovery,0.85,5
13850,False,0.5506436029112943,1.1436446979207204,0.16763009769046694,0.5252707581227437,0.4747292418772563,18.407160478343854,-19.206947312491273,18.786842675782072,-41.81470361522016,39.505781751074544,1.5471159626485391,0.12185813505652898,MNQ,discovery,0.9,5
7462,False,0.14899790209046673,1.2150188303805542,0.16763009769046694,0.524390243902439,0.47560975609756095,19.40950571139308,-21.086946605602158,20.207312965955932,-45.68091123004154,41.41138212023164,-0.051260833806626604,0.9591190493866137,MNQ,discovery,0.95,5
4248,False,0.13081272851715697,1.163090189661986,0.16763009769046694,0.5225988700564972,0.4774011299435028,20.923366579335426,-22.630266930662604,21.738242735759982,-49.884249887096665,43.54845169497131,-0.06904525964747744,0.9449568439376972,MNQ,discovery,0.975,5
37480,False,0.6182179774540053,1.4640998295634144,0.33501323588971044,0.5277214514407684,0.47227854855923157,21.50032293499341,-22.71533119802601,22.07414527394592,-50.73051054688249,47.26633398575686,1.5307779175826195,0.12583272890662925,MNQ,discovery,0.7,10
31483,False,0.5967455985809127,1.4883536328236247,0.33501323588971044,0.526887526601658,0.47311247339834195,22.197758783324964,-23.459488487255566,22.79469884431173,-51.90230853875421,48.62082785080036,1.2954811241175501,0.1951638075765417,MNQ,discovery,0.75,10
25743,False,0.7071207712159998,1.613439954823992,0.33501323588971044,0.5279104999417318,0.4720895000582683,22.790546246119426,-23.98750213703197,23.355616554252126,-53.1280882326216,49.850897270142475,1.6772467989719548,0.09350637194986865,MNQ,discovery,0.8,10
19749,False,0.6930628428588069,1.8572224523905057,0.33501323588971044,0.5307610511924654,0.4692389488075346,23.48756874650115,-25.090039658703624,24.239510512837686,-55.536511395906984,50.575659930921276,1.3759139971689562,0.16886386468555997,MNQ,discovery,0.85,10
13850,False,0.8026773692566965,2.0399753782840424,0.33501323588971044,0.5326353790613718,0.4673646209386282,24.394394708175753,-26.08378930913136,25.18395797546714,-57.35527474913,52.07291351378136,1.4564106295237547,0.14530180893911293,MNQ,discovery,0.9,10
7462,False,0.729404622101769,2.270659828735866,0.33501323588971044,0.5347091932457786,0.4652908067542214,25.66649785391163,-27.928142035421665,26.718820099717423,-60.82341646967498,54.889998137763385,0.8501599772499703,0.39526343017405935,MNQ,discovery,0.95,10
4248,False,0.574792857951469,2.587129764056728,0.33501323588971044,0.5353107344632768,0.4646892655367232,27.30594756544334,-30.21884736739631,28.659540834994928,-64.13463539652608,57.72894340639522,0.36161167119965393,0.7176602305775447,MNQ,discovery,0.975,10
37480,False,1.5095909733426498,2.8870758986798695,0.6717902919769171,0.5445570971184632,0.4554429028815368,29.421549613760025,-31.863758519974205,30.533836327449354,-69.91072045032054,66.4881105491937,3.244508018264068,0.0011775678864038922,MNQ,discovery,0.7,20
31483,False,1.6523961827794076,3.166093252000568,0.6717902919769171,0.5461677730838865,0.45383222691611347,30.14822408538966,-32.64112010959064,31.27958063952311,-70.70859777423644,68.17155780155556,3.4553220886476748,0.0005503599329002193,MNQ,discovery,0.75,20
25743,False,1.7379640211168834,3.3595532952590546,0.6717902919769171,0.546711727459892,0.453288272540108,30.863531377719383,-33.39043044086132,32.008945088934205,-71.85055026341479,69.82241536497521,3.371772348947704,0.0007479603162461332,MNQ,discovery,0.8,20
19749,False,1.771484434411665,3.5293656292068043,0.6717902919769171,0.5464580485087852,0.45354195149121473,31.95366477145431,-34.59404980666953,33.151190153014014,-73.4117053712935,71.13661085505595,2.9460401128315716,0.003222464158488525,MNQ,discovery,0.85,20
13850,False,2.097144345580204,3.793974031868208,0.6717902919769171,0.5482310469314079,0.45176895306859205,33.06429602872398,-35.482140092666675,34.156602910174485,-74.48722226115733,73.1345948045366,3.168719845824527,0.0015344478191786882,MNQ,discovery,0.9,20
7462,False,2.3648474140870963,4.004607984500197,0.6717902919769171,0.5490485124631466,0.4509514875368534,34.65503131757493,-36.949531026504175,35.68973937446944,-78.83517003464786,75.74124806911853,2.7810302761896266,0.005432261516072721,MNQ,discovery,0.95,20
4248,False,2.485634443205973,4.413878523917836,0.6717902919769171,0.5484934086629002,0.4515065913370998,37.53332295130565,-40.090546069761835,38.687926044808236,-84.2449080962187,82.74700568523215,2.0838843151961846,0.03723032827095692,MNQ,discovery,0.975,20
37480,False,2.9982999706696023,5.102170881101653,1.3440923741333435,0.5555763073639274,0.44442369263607256,39.72325821538387,-42.91175619368684,41.140302260863926,-91.0419485958403,87.09589656856083,4.695807191865862,2.664953566547288e-06,MNQ,discovery,0.7,40
31483,False,2.824200916335703,5.325868859769045,1.3440923741333435,0.5553473303052441,0.4446526696947559,40.533726517029976,-44.272973567737345,42.196392700775256,-93.04278414960199,88.0915075625269,3.778579183679432,0.00015801618357007337,MNQ,discovery,0.75,40
25743,False,3.022094516581751,5.5247444805672785,1.3440923741333435,0.554597366274327,0.445402633725673,41.729071190591775,-45.17426916515915,43.26357144217043,-94.50217908925805,89.45184565447167,3.7915048045198594,0.00015007892727876757,MNQ,discovery,0.8,40
19749,False,3.7166868966952107,5.291889483065582,1.3440923741333435,0.548989822269482,0.451010177730518,43.67795562249882,-44.9259622023463,44.240819291884684,-95.10952304964081,91.7973129915927,4.6301523833604525,3.677234437691819e-06,MNQ,discovery,0.85,40
13850,False,5.067351349296461,5.806543537255626,1.3440923741333435,0.5513357400722022,0.44866425992779785,46.04844771276064,-45.29178154922502,45.70895864848552,-96.06443377430567,96.10967874865416,5.9224137460164865,3.2476822642848856e-09,MNQ,discovery,0.9,40
7462,False,6.8493900936507295,6.160820523123389,1.3440923741333435,0.5525328330206379,0.4474671669793621,49.44289961440107,-45.74511118039948,47.78826069974934,-96.2792687591017,103.20670683592043,6.365960870462613,2.0555950803771162e-10,MNQ,discovery,0.95,40
4248,False,8.49901665825617,7.441586598789796,1.3440923741333435,0.5588512241054614,0.4411487758945386,50.913390617251196,-45.23189250858171,48.407004681364505,-93.62286096699296,110.89496772456417,6.696355355725845,2.4158577018743337e-11,MNQ,discovery,0.975,40
37480,False,4.289907310258393,6.768831289455379,2.0185000232567627,0.5664887940234792,0.4335112059765208,46.95008220945714,-51.45608194748337,48.90348359001878,-106.71393761044095,100.71490341507021,5.334405424096566,9.641310624821682e-08,MNQ,discovery,0.7,60
31483,False,4.329454120286797,7.215291169795357,2.0185000232567627,0.5675761522091287,0.4324238477908713,47.97365278609758,-52.955560273673306,50.12794839121322,-108.36019158796783,102.99088428736853,4.869247465951673,1.1256668690260438e-06,MNQ,discovery,0.75,60
25743,False,4.1532529280115895,7.543302828025844,2.0185000232567627,0.5663287107174766,0.4336712892825234,48.657482967462165,-53.964551599500936,50.95900626342926,-110.72270317504551,104.56470369288112,4.050697670891155,5.1214771050836245e-05,MNQ,discovery,0.8,60
19749,False,4.328272824581662,7.443025412614546,2.0185000232567627,0.5614967846473239,0.4385032153526761,50.180305864440136,-54.38456717299232,52.023887966423125,-113.13377268792378,105.10694939437558,3.7722236781549165,0.00016227132412623076,MNQ,discovery,0.85,60
13850,False,5.933545000263892,8.287577763165244,2.0185000232567627,0.5641155234657039,0.435884476534296,53.03422377829952,-55.023487183402224,53.901312816321536,-116.76774720860122,110.08430033204984,5.168287900871311,2.3953409186623396e-07,MNQ,discovery,0.9,60
7462,False,6.886768280707219,8.698999133779362,2.0185000232567627,0.5616456714017689,0.43835432859823104,55.73274962682565,-55.69761197657873,55.71734688574314,-118.43451236218633,115.28706187417588,4.741941236588617,2.156084534493497e-06,MNQ,discovery,0.95,60
4248,False,8.559482404324468,9.51606046172948,2.0185000232567627,0.564030131826742,0.435969868173258,56.71133421653812,-53.73632587972732,55.414320224124374,-113.95840019789394,124.38938014792548,5.389689496596379,7.440692975546517e-08,MNQ,discovery,0.975,60
37474,False,6.689201372669958,9.407142038941885,3.374096371209318,0.5767198591023109,0.42328014089768906,55.735590043272225,-60.136580492735185,57.59844190081029,-123.30475895263376,121.71317326411429,6.46726405919185,1.0101956663907458e-10,MNQ,discovery,0.7,100
31483,False,6.756541529466107,9.775717118676308,3.374096371209318,0.5778356573388813,0.4221643426611187,56.74263874888391,-61.66171748909149,58.81929839174194,-126.4792701572538,123.55985448923713,5.9050800900880125,3.5608754052268505e-09,MNQ,discovery,0.75,100
25743,False,6.842884909800084,10.468493212363317,3.374096371209318,0.5821776793691489,0.4178223206308511,56.8133452629368,-62.784047900953,59.30803809494947,-128.33018234484138,126.28951963721444,5.586159859008592,2.3448976504999458e-08,MNQ,discovery,0.8,100
19749,False,7.307502687377197,10.876237037356074,3.374096371209318,0.5830674970884602,0.4169325029115398,58.53229758656854,-64.328823917455,60.94905781789767,-129.6204206981384,128.89736964575795,5.400332962984325,6.728564052105768e-08,MNQ,discovery,0.85,100
13850,False,8.322220681212112,12.067651058866868,3.374096371209318,0.5921299638989169,0.407870036101083,60.29686656322116,-67.13256262173641,63.0849421613838,-136.63833381227556,131.7697801207648,5.485466781313616,4.196138732678397e-08,MNQ,discovery,0.9,100
7462,False,8.968213940751015,12.677940065134452,3.374096371209318,0.5932725810774592,0.4067274189225409,62.833313790362624,-69.60206514795757,65.58635055936566,-141.9464153714391,137.4187119112109,4.44310036406583,8.99518500402425e-06,MNQ,discovery,0.95,100
4248,False,12.648125990751788,13.530668937290491,3.374096371209318,0.5965160075329566,0.4034839924670433,64.30461823254724,-63.721507230199,64.0693422772683,-136.98894376599145,151.3276693098149,6.424368262386854,1.4699212625654955e-10,MNQ,discovery,0.975,100
37579,False,0.30099962237914374,0.8494823466942414,0.16775094982013813,0.5241225152345725,0.4758774847654275,15.220846322199739,-16.13143904001903,15.654176894401298,-36.42307496358321,33.827005619019076,1.0068976541076724,0.3139904428184301,NQ,discovery,0.7,5
31554,False,0.28295089140477864,0.8603205430379735,0.16775094982013813,0.523293401787412,0.47670659821258793,15.899220442512743,-16.859439936137747,16.35696341085613,-37.890411735713336,35.192555709024006,0.7775881880972464,0.4368176566739045,NQ,discovery,0.75,5
25747,False,0.4004936218807793,0.9745216722789607,0.16775094982013813,0.5246436478036276,0.4753563521963724,16.49175903405173,-17.359193704502516,16.904099614765876,-38.82164990765025,36.058938214423186,1.421729841962558,0.15511680657073545,NQ,discovery,0.8,5
19718,False,0.407378027348121,1.063070457327786,0.16775094982013813,0.5251039659194644,0.47489603408053555,17.270559616219188,-18.238647407420252,17.73030066890236,-40.1990251641915,37.51454969510313,1.2302207764385242,0.21862911901396712,NQ,discovery,0.85,5
13831,False,0.5110862852962089,1.1612918210213152,0.16775094982013813,0.5251970211842961,0.4748029788157039,18.391127827043398,-19.266684654136043,18.806844816669415,-41.79603336020077,39.47295716006827,1.3824056281895343,0.166869512154632,NQ,discovery,0.9,5
7480,False,0.054852190304014885,1.1894771043408081,0.16775094982013813,0.5228609625668449,0.47713903743315506,19.371985843022927,-21.113348906861486,20.202858139124505,-45.6655290230768,41.553500557541554,-0.31096345193013347,0.7558370724144401,NQ,discovery,0.95,5
4280,False,0.19988464803375167,1.2185017608479232,0.16775094982013813,0.522196261682243,0.477803738317757,21.006211706816195,-22.539548592249258,21.73884580277662,-49.86534716102687,43.73961005706101,0.06058956853204722,0.9516889109156103,NQ,discovery,0.975,5
37574,False,0.590900157092061,1.477810056591533,0.3352156255953169,0.5273859583754724,0.4726140416245276,21.452737663850858,-22.688645514376137,22.03684506816309,-50.717754414440485,47.170005822933604,1.3893554013654594,0.16473293807877146,NQ,discovery,0.7,10
31549,False,0.5726643235527482,1.5190642564189005,0.3352156255953169,0.5269263685061333,0.47307363149386666,22.15096924539901,-23.462025192076887,22.77119524318555,-51.98640004462107,48.56908623221388,1.1788686302923417,0.2384593815669277,NQ,discovery,0.75,10
25747,False,0.6683990316259373,1.6000426678042245,0.3352156255953169,0.5275177690604731,0.47248223093952696,22.763357239279713,-24.0002176865289,23.34775182275687,-53.31082328309178,49.75594902029956,1.5023121883926926,0.13302876681193881,NQ,discovery,0.8,10
19718,False,0.6660403532244996,1.8479953133632154,0.3352156255953169,0.5296176082767015,0.4703823917232985,23.521378272286228,-25.06746842184414,24.248631854655113,-55.57693821631166,50.78178853242187,1.270330081660067,0.20398206688094594,NQ,discovery,0.85,10
13831,False,0.8256144187249321,2.0615156262882017,0.3352156255953169,0.5324994577398597,0.46750054226014026,24.461580265787838,-26.096576806703197,25.225942035259223,-57.498289839631454,52.34571703666702,1.5216776121493483,0.12811274216502808,NQ,discovery,0.9,10
7480,False,0.6363921960256295,2.102137620255684,0.3352156255953169,0.5315508021390374,0.46844919786096256,25.791797727481775,-27.907526865923465,26.78290934527585,-60.75649498179441,55.06371465433575,0.6492200425579225,0.5162160945958942,NQ,discovery,0.95,10
4280,False,0.7704688176708435,2.681500180556906,0.3352156255953169,0.5352803738317757,0.4647196261682243,27.534868266655707,-30.05770571104928,28.707280340697487,-64.01053529046975,58.10106927243836,0.6588279475310267,0.5100417075245927,NQ,discovery,0.975,10
37571,False,1.4923324275021237,2.9438822447103163,0.6720929962517687,0.544622182002076,0.45537781799792393,29.347501366749103,-31.821856995308774,30.47426803383349,-69.69908573982997,66.39313243043566,3.1863781638486635,0.0014418394896269088,NQ,discovery,0.7,20
31546,False,1.6000697865733136,3.212385653991179,0.6720929962517687,0.5465035186711469,0.4534964813288531,30.037318272119514,-32.66933912512922,31.230930467743576,-70.89821620608255,67.8601789449923,3.278454509605706,0.0010449010737000317,NQ,discovery,0.75,20
25747,False,1.7163614358717958,3.4225008898491893,0.6720929962517687,0.5467821493766264,0.4532178506233736,30.8801244766056,-33.46809790832656,32.05304023280057,-72.0218397852701,69.84504084275393,3.2984886342912985,0.000973386138818687,NQ,discovery,0.8,20
19718,False,1.7532276691942168,3.4972780027564543,0.6720929962517687,0.5466071609696724,0.4533928390303276,31.977017569088513,-34.684357066942326,33.2045059102394,-73.42473551245521,71.41264253400041,2.88541729783569,0.003913189444166122,NQ,discovery,0.85,20
13831,False,2.117126606187858,3.7169971309425343,0.6720929962517687,0.5478273443713397,0.45217265562866027,33.12513652232033,-35.45046071944946,34.176584539733796,-74.32800177917586,73.40507071789571,3.2059422235851027,0.0013492698641370063,NQ,discovery,0.9,20
7480,False,2.3436354163891475,3.917405378228711,0.6720929962517687,0.5494652406417112,0.4505347593582888,34.75953286725692,-37.190292928734465,35.85467476661244,-79.09935865877377,75.91652293701044,2.7382741859502766,0.006190873414776815,NQ,discovery,0.95,20
4280,False,2.7296521538662017,4.422207124793465,0.6720929962517687,0.5507009345794392,0.44929906542056075,37.711908742091374,-40.14771590564848,38.806314624222296,-84.69778232084052,82.84264585729301,2.3711131007689685,0.017778641506539215,NQ,discovery,0.975,20
37571,False,2.981740741441202,5.087589032808371,1.3449448014468262,0.5550823773655212,0.4449176226344787,39.69292788421195,-42.81939636447432,41.08394880769192,-90.69645999966846,86.95673083353061,4.657861285110223,3.206043022223488e-06,NQ,discovery,0.7,40
31546,False,2.819460256501098,5.24652091526856,1.3449448014468262,0.5545235529068662,0.44547644709313383,40.5087258618206,-44.09566983912646,42.106624920752935,-92.67412301294576,87.86258598397656,3.7746111757301204,0.00016055081942469926,NQ,discovery,0.75,40
25747,False,3.0778788053992434,5.524861878452025,1.3449448014468262,0.554511205188954,0.445488794811046,41.80899972962968,-45.13173003812629,43.289238850243976,-94.55635079484526,89.64114830315549,3.912704850876163,9.15025395453319e-05,NQ,discovery,0.8,40
19718,False,3.6680399230287106,5.240779838039389,1.3449448014468262,0.5483821888629679,0.45161781113703214,43.666277795739006,-44.9002864236997,44.223578071222825,-94.86745377733119,91.59109270744923,4.531753466821702,5.883961740619603e-06,NQ,discovery,0.85,40
13831,False,5.08858196923781,5.8503766179951455,1.3449448014468262,0.5506470971007158,0.4493529028992842,46.149582932495754,-45.22848695050032,45.73568577913723,-95.83565905436575,96.29763991149898,5.957282602925455,2.6269489137580894e-09,NQ,discovery,0.9,40
7480,False,7.0359322166622755,6.547233966766042,1.3449448014468262,0.5536096256684492,0.4463903743315508,49.755157943994114,-45.94409585667739,48.05393651223601,-96.56323132200095,104.11274967674207,6.564381640340294,5.5740146357392e-11,NQ,discovery,0.95,40
4280,False,8.66871522872418,7.460891669707204,1.3449448014468262,0.5581775700934579,0.4418224299065421,51.37776463374161,-45.28787865207257,48.6871164114668,-93.57603591877916,112.22402856503417,6.85264289800637,8.283610598308767e-12,NQ,discovery,0.975,40
37571,False,4.300213753367713,6.82797763837284,2.0203692694505166,0.5664741422905964,0.43352585770940355,46.90702134097039,-51.37271637230442,48.84301560969809,-106.79318769032442,100.62237795725792,5.367454843088112,8.032788955784597e-08,NQ,discovery,0.7,60
31546,False,4.363666890548265,7.204113223574504,2.0203692694505166,0.5677740442528372,0.4322259557471629,47.90833517911176,-52.836813763390914,50.03855154558125,-107.99898506529377,102.62835737191168,4.941041079888987,7.810401618785506e-07,NQ,discovery,0.75,60
25747,False,4.14671393180509,7.447893392000804,2.0203692694505166,0.5659300112634482,0.43406998873655184,48.67165989610861,-53.903839722978965,50.94279213462584,-110.61593265208091,104.54430438887252,4.038109226394969,5.403976525542867e-05,NQ,discovery,0.8,60
19718,False,4.281688853576817,7.379370488911352,2.0203692694505166,0.5609088142813673,0.4390911857186327,50.22124760937426,-54.402940372470745,52.05739204303332,-113.53198673141002,105.09997879650922,3.687746721219952,0.0002268560317328507,NQ,discovery,0.85,60
13831,False,5.8239894634699985,8.181041639094833,2.0203692694505166,0.5630829296507844,0.4369170703492155,53.080615895106604,-55.07864278038005,53.95358794829924,-117.01673850922745,109.68118978835872,5.0099757283951405,5.510882062323519e-07,NQ,discovery,0.9,60
7480,False,7.0905068884558,8.967987323067472,2.0203692694505166,0.5635026737967914,0.4364973262032086,55.813690339905385,-55.80940681686122,55.81182059354988,-119.36069843812986,115.7327555555817,4.940490708588513,7.961782474800188e-07,NQ,discovery,0.95,60
4280,False,8.532464234657075,9.244605476499412,2.0203692694505166,0.5642523364485982,0.4357476635514019,56.893581740660096,-54.09064502914843,55.672208617536434,-114.07705029892945,124.18898506422437,5.377093580502732,7.973379601344773e-08,NQ,discovery,0.975,60
37565,False,6.723566313791076,9.414659252100499,3.375298969519184,0.5768933847996806,0.42310661520031945,55.74238062132024,-60.11214054782115,57.59125495306003,-123.21837797374747,121.87038973608333,6.543687536614793,6.07907492652278e-11,NQ,discovery,0.7,100
31546,False,6.884451078475468,9.799780523613855,3.375298969519184,0.578330057693527,0.4216699423064731,56.807771735558326,-61.58653539482326,58.82283273205684,-125.50251074009199,123.59712414609814,6.123625771012358,9.254817479916808e-10,NQ,discovery,0.75,100
25747,False,6.85198551481418,10.421392052768486,3.375298969519184,0.5820483939876491,0.41795160601235093,56.84912253837512,-62.77510262151928,59.325895431322415,-128.48467465446078,126.29840434329151,5.600687779708366,2.156805495370051e-08,NQ,discovery,0.8,100
19718,False,7.3386473281818665,10.74974622445768,3.375298969519184,0.5826148696622375,0.4173851303377625,58.66084909328641,-64.30041146617063,61.014718569340616,-129.94559241292185,129.03321131701406,5.410631566474798,6.353483545737564e-08,NQ,discovery,0.85,100
13831,False,8.144465767030255,11.967316845029607,3.375298969519184,0.5914250596486155,0.4085749403513846,60.29525651264548,-67.34544191287287,63.17578559200959,-137.73835280263935,131.945095858228,5.274399171992851,1.351994864979142e-07,NQ,discovery,0.9,100
7480,False,9.266801195118648,12.82465860517723,3.375298969519184,0.5934491978609626,0.40655080213903744,63.05779180677474,-69.25283291377363,65.57639073810945,-141.08768921493893,137.86833152707172,4.698493041083054,2.6677041900807727e-06,NQ,discovery,0.95,100
4280,False,12.732486059953326,13.423284776100664,3.375298969519184,0.5941588785046729,0.4058411214953271,64.92972078794035,-63.685227188907355,64.42465411001506,-137.02623120751056,152.5040523777525,6.495795528350508,9.203412813055773e-11,NQ,discovery,0.975,100
