symbol,tail,confound,variant,n,insufficient,skew,mean_bps
MES,top,recent_return_direction,prior20_up,2765,False,5.73115894851202,1.298144411881347
MES,top,recent_return_direction,prior20_down,171,False,-1.1021581917606098,-1.6991532957383348
MES,top,recent_return_magnitude,|ret20|_top_half,1240,False,6.368766456056617,2.229732927675965
MES,top,recent_return_magnitude,|ret20|_bottom_half,1696,False,0.04844797072314491,0.31482621165240116
MES,top,volatility_level,atr_pctile>=0.5,1410,False,5.011145914675305,2.1641301275589893
MES,top,volatility_level,atr_pctile<0.5,1517,False,1.9232753438368326,0.20483384675753402
MES,top,volatility_transition,near_transition,2,True,,
MES,top,volatility_transition,not_near_transition,2934,False,5.559708022219849,1.1100303836636942
MES,top,rth_overnight,RTH,864,False,5.724896009604105,2.0208440610981757
MES,top,rth_overnight,overnight,2072,False,2.4637719735502,0.7494231739825508
MES,top,trend_state,above_sma200,1993,False,6.569435698103406,0.9348006390908489
MES,top,trend_state,below_sma200,943,False,2.773446248058396,1.5225412635976747
MES,bottom,recent_return_direction,prior20_up,46,False,-0.13947890784621955,5.585228976027491
MES,bottom,recent_return_direction,prior20_down,2288,False,-1.0398810075829037,0.3126068018904085
MES,bottom,recent_return_magnitude,|ret20|_top_half,1149,False,-1.0317125812572001,-0.2895811376494773
MES,bottom,recent_return_magnitude,|ret20|_bottom_half,1185,False,0.219593793654843,1.1011760529803956
MES,bottom,volatility_level,atr_pctile>=0.5,1169,False,-0.7729288913560123,0.6715517831721723
MES,bottom,volatility_level,atr_pctile<0.5,1152,False,-1.8147458950186408,0.26515530974572576
MES,bottom,volatility_transition,near_transition,1,True,,
MES,bottom,volatility_transition,not_near_transition,2333,False,-1.0003816844746307,0.4044246424975881
MES,bottom,rth_overnight,RTH,669,False,-0.3695317199131301,0.14885655278881754
MES,bottom,rth_overnight,overnight,1665,False,-1.6421787894099702,0.5240719890731533
MES,bottom,trend_state,above_sma200,930,False,-1.262339380792861,-0.46872545625395595
MES,bottom,trend_state,below_sma200,1404,False,-0.9257997728871121,1.0029056765945144
MNQ,top,recent_return_direction,prior20_up,2749,False,3.9536454552597724,1.5809625698896481
MNQ,top,recent_return_direction,prior20_down,138,False,-0.021605843878041875,3.173402263499542
MNQ,top,recent_return_magnitude,|ret20|_top_half,1185,False,3.6487571238408005,3.1437390527837046
MNQ,top,recent_return_magnitude,|ret20|_bottom_half,1702,False,2.0530174598370525,0.6220122440898291
MNQ,top,volatility_level,atr_pctile>=0.5,1411,False,3.6162894512841124,3.0634960026216893
MNQ,top,volatility_level,atr_pctile<0.5,1467,False,0.45195345577421014,0.4653362690392396
MNQ,top,volatility_transition,near_transition,4,True,,
MNQ,top,volatility_transition,not_near_transition,2883,False,3.926882449356308,1.6946338745500407
MNQ,top,rth_overnight,RTH,841,False,4.095352131917024,2.3979977896560305
MNQ,top,rth_overnight,overnight,2046,False,1.5935113379061827,1.3525315131421591
MNQ,top,trend_state,above_sma200,1961,False,4.72197524256853,1.6431192953566816
MNQ,top,trend_state,below_sma200,926,False,2.030428794123537,1.6866508410314542
MNQ,bottom,recent_return_direction,prior20_up,55,False,-0.3771794701194247,3.857673705916508
MNQ,bottom,recent_return_direction,prior20_down,2225,False,-0.8530536207032383,0.12721187639407416
MNQ,bottom,recent_return_magnitude,|ret20|_top_half,1148,False,-0.7705371763357461,0.6105069515121859
MNQ,bottom,recent_return_magnitude,|ret20|_bottom_half,1132,False,-0.6981827654589857,-0.18166387061286796
MNQ,bottom,volatility_level,atr_pctile>=0.5,1145,False,-0.601250041873791,0.851320469379283
MNQ,bottom,volatility_level,atr_pctile<0.5,1121,False,-1.930922930749852,-0.3491495014925313
MNQ,bottom,volatility_transition,near_transition,2,True,,
MNQ,bottom,volatility_transition,not_near_transition,2278,False,-0.8383467000209804,0.26050827181550723
MNQ,bottom,rth_overnight,RTH,662,False,-0.5023981885518327,-0.34474185442975525
MNQ,bottom,rth_overnight,overnight,1618,False,-1.133411003089829,0.44711840941577313
MNQ,bottom,trend_state,above_sma200,910,False,0.33276759623160224,-0.29108025946543487
MNQ,bottom,trend_state,below_sma200,1370,False,-1.0703227877949435,0.5548186240261085
NQ,top,recent_return_direction,prior20_up,2774,False,3.9831138240626545,1.4198985312209185
NQ,top,recent_return_direction,prior20_down,148,False,0.4490840174765529,4.465839210037421
NQ,top,recent_return_magnitude,|ret20|_top_half,1195,False,3.6416625739913107,3.073091339629491
NQ,top,recent_return_magnitude,|ret20|_bottom_half,1727,False,1.947454827694095,0.536999755550159
NQ,top,volatility_level,atr_pctile>=0.5,1416,False,3.665398278773159,2.859218694202464
NQ,top,volatility_level,atr_pctile<0.5,1497,False,0.9555560089702954,0.5204261220066311
NQ,top,volatility_transition,near_transition,4,True,,
NQ,top,volatility_transition,not_near_transition,2918,False,3.900996024077344,1.592172379230798
NQ,top,rth_overnight,RTH,843,False,3.982673078487245,2.441917691307444
NQ,top,rth_overnight,overnight,2079,False,1.7185445019135623,1.2223213635979757
NQ,top,trend_state,above_sma200,1993,False,4.74300408863935,1.4942487918177656
NQ,top,trend_state,below_sma200,929,False,1.998286293193471,1.7456457336916684
NQ,bottom,recent_return_direction,prior20_up,59,False,-0.3523460775643805,2.301127731838172
NQ,bottom,recent_return_direction,prior20_down,2258,False,-0.7889942024166353,0.34560335406476567
NQ,bottom,recent_return_magnitude,|ret20|_top_half,1147,False,-0.8481877386404872,0.6296407725713956
NQ,bottom,recent_return_magnitude,|ret20|_bottom_half,1170,False,0.30330787261365444,0.16576149018572847
NQ,bottom,volatility_level,atr_pctile>=0.5,1163,False,-0.6708151335819811,0.73377404109299
NQ,bottom,volatility_level,atr_pctile<0.5,1140,False,-1.0143884949529978,0.13250029538227645
NQ,bottom,volatility_transition,near_transition,2,True,,
NQ,bottom,volatility_transition,not_near_transition,2315,False,-0.7767206608643883,0.43806531285134215
NQ,bottom,rth_overnight,RTH,678,False,-0.420795131928661,0.1917993917949944
NQ,bottom,rth_overnight,overnight,1639,False,-1.121391958098402,0.4796210628552085
NQ,bottom,trend_state,above_sma200,918,False,0.38640087393196504,-0.001259008948282933
NQ,bottom,trend_state,below_sma200,1399,False,-0.9947187583786113,0.655678827642042
