symbol,split,tail,horizon_bars,insufficient,ks_stat,ks_p_value,skew_diff_obs,skew_diff_perm_p,skew_diff_boot_ci_lo,skew_diff_boot_ci_hi,event_n,event_insufficient,event_mean_bps,event_median_bps,event_std_bps,event_skew,event_kurtosis,event_p5_bps,event_p10_bps,event_p25_bps,event_p75_bps,event_p90_bps,event_p95_bps,event_prob_large_positive,event_prob_large_negative,event_upside_tail_mean_bps,event_downside_tail_mean_bps,event_mean_abs_bps,baseline_n,baseline_insufficient,baseline_mean_bps,baseline_median_bps,baseline_std_bps,baseline_skew,baseline_kurtosis,baseline_p5_bps,baseline_p10_bps,baseline_p25_bps,baseline_p75_bps,baseline_p90_bps,baseline_p95_bps,baseline_prob_large_positive,baseline_prob_large_negative,baseline_upside_tail_mean_bps,baseline_downside_tail_mean_bps,baseline_mean_abs_bps
MES,discovery,top,5,False,0.02150002452344546,0.03248027296526035,-2.109521560617732,0.7886056971514243,-8.555451891760164,3.444478259710477,5415,False,0.2588994310162119,0.0,10.981119798320561,0.7715435725867894,20.716959771266918,-14.370708719785963,-9.349662116922675,-3.6044238671822937,3.82228555724784,9.804552406824653,15.55027421390465,0.09566020313942751,0.09270544783010157,20.465326562082282,-19.067333141848763,6.502372490642333,24681,False,0.14359363111707932,0.3895749737026222,13.590142944914186,2.8810651332045216,209.89288776079354,-16.677089847821904,-9.925110529640513,-3.5962598897143483,4.190456235921847,10.189832811262622,16.291067064893028,0.09999594830031198,0.09999594830031198,21.6123251270122,-22.27256075290211,7.191591355838038
MES,discovery,top,10,False,0.02373433672047054,0.06306178141494323,-2.267123064963585,0.8530734632683659,-8.194602138791833,2.870309040791973,4058,False,0.6191170097507075,0.0,16.392373777264588,0.37632061259057037,20.93695549534523,-19.897258397618135,-12.607605114186013,-5.204963267043949,5.953725853700131,14.589838097434308,23.637056884943192,0.09659931000492854,0.0823065549531789,30.3037959612212,-29.49626258334496,9.550004735162249,12340,False,0.286351487809127,0.4759411779842182,19.01876406956857,2.6434436775541554,146.4184556668905,-23.83252696344878,-14.265657280892684,-5.157065089063662,6.2127926102217845,15.049697207538015,23.549903583492846,0.1,0.1,30.651695287479473,-31.98832708875478,10.340944208905597
MES,discovery,top,20,False,0.015314168495709662,0.7315340865036184,3.7669414806131463,0.5347326336831584,-5.261856336282726,10.768903121775754,2936,False,1.1235742797277484,0.8511034515146232,27.852216937581655,5.532941643380612,155.10930396143908,-31.803646044836764,-19.51590252714297,-7.017595456796089,8.719782274556053,20.856370466662,33.542621873147716,0.09196185286103542,0.09332425068119891,47.97883243358061,-42.51953572187235,14.340839296568552,6170,False,0.5743121484508833,0.9917809656612153,27.486485030510067,1.7660001627674657,89.56756697564367,-34.786960355677294,-20.82568643064808,-7.167160577160048,9.320000487175184,22.195768640640672,34.291604946466435,0.1,0.1,44.596711899446824,-46.273310233193456,15.013185921428663
MES,discovery,top,40,False,0.02701242571582928,0.3304547667681853,2.161274414122456,0.7331334332833583,-7.6444978358779325,10.255539033893653,2004,False,1.4234332321813288,0.9305027123684972,40.37413780729232,3.884751733339412,138.66405128941747,-47.233230647658935,-28.64950768975283,-10.91543192721478,13.598047065474518,32.81663822564451,47.320119574111736,0.10329341317365269,0.09181636726546906,63.198262600484206,-63.3088475981864,21.270600602384697,3085,False,1.1502959901329182,1.7739932588245466,39.317029725852464,1.723477319216956,83.90742271161575,-51.297275666844165,-30.711584266501553,-9.842519685039353,14.24431455375963,32.16553398208477,49.33443840406903,0.10016207455429497,0.10016207455429497,62.66344191624117,-66.25898527111015,21.59474417881309
MES,discovery,top,60,False,0.03158655277558186,0.33957128098073197,0.4057165175297206,0.9145427286356822,-7.192697137461659,7.158861658990711,1516,False,1.4351781921675686,1.430005186003891,48.63838215942178,2.3897794009909448,76.59703434038092,-59.52054188040734,-38.55514201077326,-13.750558450374983,17.542578697035683,40.71691558154789,58.929654346751015,0.10290237467018469,0.10356200527704486,76.9270379142271,-77.46012443117485,26.885672014318484,2056,False,1.7230378779876057,2.3391062773903126,49.82931915138768,1.9840628834612242,67.44658853512931,-63.37689827102727,-37.64802630826125,-13.400424122629317,18.747567463204273,39.91601066038575,61.56184179899271,0.10019455252918288,0.10019455252918288,80.6802259828525,-83.60737879666635,27.726860706439002
MES,discovery,top,100,False,0.018989761943998682,0.9850978903448284,1.7389678142904779,0.663168415792104,-6.6113926198527455,8.904720118319451,1013,False,4.66649455489638,2.898970865343742,61.12499501918553,4.692229311914816,86.6761378941301,-75.86312935252693,-47.38922207090513,-18.561274842682217,26.93326029398424,57.18636129763823,77.43525833058615,0.11154985192497532,0.09575518262586377,99.65313236342388,-94.19300635508192,35.61141145224034,1234,False,2.89400268985244,2.942212256938914,65.28150791756185,2.953261497624338,74.42253240395118,-83.15300564105866,-49.73612998458343,-19.362426334732785,26.042929902431176,54.5470348359225,85.50148116357244,0.10048622366288493,0.10048622366288493,105.807745077793,-105.64122805315773,36.854017595161295
MES,discovery,bottom,5,False,0.04558133857851632,1.1464911369232483e-06,-1.9584635755370563,0.7406296851574213,-8.542226605304535,3.8146915043838723,4010,False,0.37868329067216455,0.49629069533763115,15.511764484108415,0.9226015576674652,28.861456292443886,-21.412851678234368,-12.221154920952435,-4.197860702578882,5.369941885774443,13.154552437619758,20.470147773581242,0.13790523690773068,0.12693266832917705,22.62531328767969,-23.932994135774805,8.881456119884504,24681,False,0.14359363111707932,0.3895749737026222,13.590142944914186,2.8810651332045216,209.89288776079354,-16.677089847821904,-9.925110529640513,-3.5962598897143483,4.190456235921847,10.189832811262622,16.291067064893028,0.09999594830031198,0.09999594830031198,21.6123251270122,-22.27256075290211,7.191591355838038
MES,discovery,bottom,10,False,0.035613648339235415,0.0037454366163452227,0.2297231367008985,0.9950024987506247,-7.332281890870913,6.964239830760795,3082,False,0.5634999760273871,0.8324491596378714,21.850508875245264,2.873166814255054,80.47102351240807,-29.780269613944476,-16.279660098702074,-5.541351349073187,7.223679539017369,17.564400410115425,27.993463389915572,0.12621674237508113,0.11713173264114211,31.750394616085554,-33.955083726611036,11.987706634166493,12340,False,0.286351487809127,0.4759411779842182,19.01876406956857,2.6434436775541554,146.4184556668905,-23.83252696344878,-14.265657280892684,-5.157065089063662,6.2127926102217845,15.049697207538015,23.549903583492846,0.1,0.1,30.651695287479473,-31.98832708875478,10.340944208905597
MES,discovery,bottom,20,False,0.035005742744490226,0.030623872909455854,-2.766857415621987,0.5857071464267866,-7.292224534545789,1.844336518949136,2334,False,0.4165230915263579,1.4011715119655044,29.384338464807982,-1.0008572528545212,25.8245132037423,-42.13250069449376,-25.029908144931778,-7.989646585681576,10.840396032406051,23.66143838169851,40.565347770150524,0.11053984575835475,0.12082262210796915,46.408178683103564,-48.88366221676361,17.154471267744807,6170,False,0.5743121484508833,0.9917809656612153,27.486485030510067,1.7660001627674657,89.56756697564367,-34.786960355677294,-20.82568643064808,-7.167160577160048,9.320000487175184,22.195768640640672,34.291604946466435,0.1,0.1,44.596711899446824,-46.273310233193456,15.013185921428663
MES,discovery,bottom,40,False,0.03186004385546763,0.21013876153551436,0.9953632904814009,0.8715642178910544,-7.138932835140815,8.319350785410878,1700,False,0.7902626766034736,2.232985275312238,44.43167782043273,2.718840609698357,91.19953886820834,-52.28793096401446,-34.07290036277355,-11.938102170470922,14.634652725994957,34.20078634949664,51.0659271338547,0.11176470588235295,0.11294117647058824,63.96822446057817,-67.7551941055688,23.679771179129872,3085,False,1.1502959901329182,1.7739932588245466,39.317029725852464,1.723477319216956,83.90742271161575,-51.297275666844165,-30.711584266501553,-9.842519685039353,14.24431455375963,32.16553398208477,49.33443840406903,0.10016207455429497,0.10016207455429497,62.66344191624117,-66.25898527111015,21.59474417881309
MES,discovery,bottom,60,False,0.02409575432578408,0.7296768606762226,-2.9757597742882504,0.6446776611694153,-7.130463968026152,1.5963197978136625,1309,False,1.0618961343769546,2.512562814069863,46.42597696133159,-0.9916968908270263,11.056323462683265,-68.3362791453328,-43.43031549502085,-14.000848536275257,20.05863292701804,43.166627769299915,61.24889976801116,0.11688311688311688,0.11688311688311688,72.07223460016914,-81.55759969733052,28.761055601029547,2056,False,1.7230378779876057,2.3391062773903126,49.82931915138768,1.9840628834612242,67.44658853512931,-63.37689827102727,-37.64802630826125,-13.400424122629317,18.747567463204273,39.91601066038575,61.56184179899271,0.10019455252918288,0.10019455252918288,80.6802259828525,-83.60737879666635,27.726860706439002
MES,discovery,bottom,100,False,0.03477937513593916,0.5300292801554523,-1.8294436274117873,0.7486256871564217,-8.361700300617766,5.500318335211993,924,False,0.6289176547726105,2.92803195232727,66.87802515645556,1.1238178702125508,43.07437783135834,-88.84396099537621,-58.472036903679744,-19.315678345009633,24.462336518518146,56.07563312666854,82.56557439129064,0.10497835497835498,0.12012987012987013,102.70529146823148,-105.38218591860074,37.70346899834663,1234,False,2.89400268985244,2.942212256938914,65.28150791756185,2.953261497624338,74.42253240395118,-83.15300564105866,-49.73612998458343,-19.362426334732785,26.042929902431176,54.5470348359225,85.50148116357244,0.10048622366288493,0.10048622366288493,105.807745077793,-105.64122805315773,36.854017595161295
MNQ,discovery,top,5,False,0.0174556997449955,0.14240543431961217,-2.1736824211076278,0.5287356321839081,-8.2906648972029,3.633748698749054,5231,False,0.27616724626706685,0.2503818322940887,16.09707030500636,-0.37202770038204597,84.32393337215086,-20.113630047905453,-13.005527349123636,-5.13774877965445,5.534901181166729,13.218199113020912,20.896333749661487,0.0936723379850889,0.09290766583827184,27.97662873933358,-27.11974057428747,9.0109630960486,24681,False,0.16748641462080466,0.3577902871865213,17.325056109192868,1.801654720725582,123.3964080544008,-22.601289463041184,-13.612578522098628,-4.939756448529842,5.7360499265790565,13.789869961526868,21.77256872982536,0.09999594830031198,0.09999594830031198,28.404500988380793,-29.563242924524534,9.625776677424128
MNQ,discovery,top,10,False,0.01645785937993094,0.39009297269718024,-0.9037445845603269,0.9310344827586207,-4.953375199436822,2.9394363378565562,3934,False,0.8017498747844553,0.6712457591973031,22.73162822397444,0.8094807199387599,29.509013754191884,-28.432040775734635,-18.059233855160837,-7.099375048731371,8.112972032499055,19.3211656172021,30.753147688384214,0.09176410777834265,0.09023894255210982,41.99202657311681,-38.79798702203628,13.05707753921029,12340,False,0.33478940012838876,0.7616814418764939,24.552477326249768,1.7132253044990868,90.8440218093856,-32.791965480943205,-19.55636582524267,-7.194808276011488,8.66623707467651,20.464879960629066,31.715701045073246,0.1,0.1,40.48789143424694,-42.93337908328641,13.916424429774947
MNQ,discovery,top,20,False,0.01712904042544711,0.6030905131722692,2.818918080884779,0.527736131934033,-4.0807951559143385,8.88547674069764,2887,False,1.6570819594698925,1.377189156930303,35.64649558435938,3.8632236202309946,106.69311517822901,-42.937890598734874,-25.898185854607235,-10.164970976427878,12.173198266554053,30.125361594818067,44.82666866828386,0.10148943540006927,0.08451679944579148,59.76821173604145,-59.30691560157537,19.409681300686046,6170,False,0.6717671147497111,1.2271475579206381,35.3401258303204,1.0443055393462157,60.04300563760192,-46.8196374124623,-28.91246678019876,-9.761638554094954,12.316679737633951,29.699138653648266,45.89033175246827,0.1,0.1,58.580233885752776,-61.70827261111229,20.069910685078966
MNQ,discovery,top,40,False,0.027811698984763683,0.30115340129744167,1.0035173001287947,0.8045977011494253,-6.131348597528124,7.678470861466078,1981,False,1.7777509140951417,1.9438346139777352,52.43656425030193,2.2163356726937495,82.95152417357932,-66.30417038162584,-42.11668928086887,-15.431304974024007,19.63954254236233,42.89017341040369,63.48160680331283,0.09288238263503282,0.10449268046441192,88.47175653172502,-81.83121575832779,29.234713125635192,3085,False,1.3453179966832176,2.6581605528974706,50.363757151077046,1.2128183725649548,62.377299105899155,-67.47553614294065,-40.94918581838501,-13.961400832991355,19.672049503840494,44.64639492150546,67.4993144409783,0.10016207455429497,0.10016207455429497,81.57642915206137,-88.18173699265705,28.955852628423806
MNQ,discovery,top,60,False,0.016861219195849545,0.9615200832393537,-0.13065361729279767,0.9645177411294353,-5.638606514715585,4.815734175445362,1500,False,2.354020005350708,2.67903860612706,62.023927845563556,1.2895242129496762,43.03270966246328,-87.82167202908742,-51.845189027461714,-19.05942175167208,24.1403849770927,56.96383310930994,86.93758236292736,0.10466666666666667,0.098,104.47170034019025,-107.25930884409328,36.810167955411245,2056,False,2.018742440235805,2.904228331278569,63.866555803001724,1.420177830242474,45.12757708141681,-86.4723620031313,-52.73788804864898,-19.612223857055078,25.462643972793963,55.724999128353716,85.87760832426238,0.10019455252918288,0.10019455252918288,106.74550758330585,-110.96630127017109,37.61007597587436
MNQ,discovery,top,100,False,0.024815541022996452,0.8740795433244787,1.4941182914554658,0.6096951524237881,-4.729317414099472,7.253174219615728,1001,False,5.9516973024922795,3.4398879579344843,81.45620453699482,3.611967757302935,57.883168386972486,-111.34931046619556,-67.1717241665859,-25.42676070734995,38.22525597269699,80.17242400198965,115.154242006692,0.1048951048951049,0.0919080919080919,140.80839996643945,-132.35069829710295,49.320067877374406,1234,False,3.3916932002140956,5.130206084816846,83.41364934570399,2.117849465847469,50.39445826452443,-110.91487483950586,-73.80494538763404,-25.899178581172688,35.90015011140202,79.10796019575717,114.87530907461681,0.10048622366288493,0.10048622366288493,139.39196384053565,-141.28728751465167,50.20355942640826
MNQ,discovery,bottom,5,False,0.052493854808219775,2.0135565298639488e-08,-2.5132755505548734,0.351824087956022,-6.614731147993138,1.085918786928035,3853,False,0.011805419180133012,0.7628831898687238,19.295447031792573,-0.7116208298292913,9.352556811530148,-31.040105161766807,-17.641824181962466,-6.254477637399614,7.275372862858287,17.30629861566114,28.94227525283677,0.13937191798598494,0.13262392940565793,28.040743335410266,-32.140622458635455,11.968493921368063,24681,False,0.16748641462080466,0.3577902871865213,17.325056109192868,1.801654720725582,123.3964080544008,-22.601289463041184,-13.612578522098628,-4.939756448529842,5.7360499265790565,13.789869961526868,21.77256872982536,0.09999594830031198,0.09999594830031198,28.404500988380793,-29.563242924524534,9.625776677424128
MNQ,discovery,bottom,10,False,0.03923479474798297,0.0011690593915951975,0.9244453354307391,0.975512243878061,-5.5739566307524555,6.506686724824841,2993,False,0.1590256924662357,0.8699758892394271,28.61998824676711,2.637670639929826,81.30128462976087,-41.53607718762253,-24.630219598230198,-8.313721477539726,10.057172841260176,24.51515704348186,36.42034771413716,0.1256264617440695,0.12362178416304712,41.505094455336405,-45.35665643638444,16.393377649726798,12340,False,0.33478940012838876,0.7616814418764939,24.552477326249768,1.7132253044990868,90.8440218093856,-32.791965480943205,-19.55636582524267,-7.194808276011488,8.66623707467651,20.464879960629066,31.715701045073246,0.1,0.1,40.48789143424694,-42.93337908328641,13.916424429774947
MNQ,discovery,bottom,20,False,0.03578080127384913,0.027348685490805765,-1.8867485798762735,0.5862068965517241,-5.637083602454924,1.5907796624259047,2280,False,0.21720108719395742,1.8879898495338665,38.51201689876873,-0.8424430405300577,18.788569251421603,-54.47371345156826,-35.40447856577333,-11.469001666291334,14.596450630461334,34.48694136635021,53.182496607504845,0.1206140350877193,0.12456140350877193,58.60203663784085,-64.37956744731393,23.15976533428722,6170,False,0.6717671147497111,1.2271475579206381,35.3401258303204,1.0443055393462157,60.04300563760192,-46.8196374124623,-28.91246678019876,-9.761638554094954,12.316679737633951,29.699138653648266,45.89033175246827,0.1,0.1,58.580233885752776,-61.70827261111229,20.069910685078966
MNQ,discovery,bottom,40,False,0.030054089941614105,0.276761610864724,-2.3868730467272172,0.6571714142928535,-6.48457776090722,1.6701573536919065,1660,False,-0.0035256160870176193,2.3406192025587913,52.97852169640919,-1.1740546741622626,16.900471494671514,-78.55370531483969,-48.58622580480654,-16.7557678266092,20.796225357845866,46.73117478256481,71.60836652519156,0.10963855421686747,0.12048192771084337,83.29826435716853,-91.01640024344792,32.08369517393282,3085,False,1.3453179966832176,2.6581605528974706,50.363757151077046,1.2128183725649548,62.377299105899155,-67.47553614294065,-40.94918581838501,-13.961400832991355,19.672049503840494,44.64639492150546,67.4993144409783,0.10016207455429497,0.10016207455429497,81.57642915206137,-88.18173699265705,28.955852628423806
MNQ,discovery,bottom,60,False,0.020732610467911524,0.8735129280606094,-2.6598367551181106,0.5017491254372813,-5.951771453848751,0.6087804430259374,1303,False,-0.04384070563785205,3.2659282040126136,61.20632275013241,-1.239658924875637,8.748343745126583,-99.64893675867226,-58.077853044114384,-20.33719915613186,26.992909821301758,57.136150418167084,85.02332870254341,0.10360706062931696,0.1128165771297007,97.40543292855801,-115.52124427036831,38.82133000083559,2056,False,2.018742440235805,2.904228331278569,63.866555803001724,1.420177830242474,45.12757708141681,-86.4723620031313,-52.73788804864898,-19.612223857055078,25.462643972793963,55.724999128353716,85.87760832426238,0.10019455252918288,0.10019455252918288,106.74550758330585,-110.96630127017109,37.61007597587436
MNQ,discovery,bottom,100,False,0.032204125373081455,0.6314684742515777,-0.9057159590762198,0.8030984507746127,-6.03575368348739,4.520556151837675,915,False,2.0598974969799833,4.845360824741185,86.75542825077903,1.2121335067712493,30.677547946381317,-127.03090103642234,-75.74212135945713,-29.50620792165015,34.340783868876954,79.56886491941839,115.2900520735191,0.10382513661202186,0.10273224043715846,141.2049494821577,-151.3754314617232,51.73674230716729,1234,False,3.3916932002140956,5.130206084816846,83.41364934570399,2.117849465847469,50.39445826452443,-110.91487483950586,-73.80494538763404,-25.899178581172688,35.90015011140202,79.10796019575717,114.87530907461681,0.10048622366288493,0.10048622366288493,139.39196384053565,-141.28728751465167,50.20355942640826
NQ,discovery,top,5,False,0.014995394132965911,0.27670283934122186,0.3374394437802393,0.9160419790104948,-5.060190662143207,5.508621009019458,5311,False,0.21104064502930764,0.20813387170637299,16.604935077944376,0.8195868951634474,99.10894906723338,-20.197184769852882,-13.054148608427907,-5.265273374424062,5.4103043197417655,13.051532502525998,20.885047633613098,0.09282620975334212,0.09621540199585765,28.4196541275611,-26.917709846448613,9.068598861740565,24673,False,0.16820752857369425,0.3170342502678558,17.732948047144752,0.4821474513832081,88.86301611010364,-22.267479056740314,-13.501074417546553,-4.990466928559423,5.697356426617173,13.899749714521013,22.03736588380467,0.10002837109390832,0.10002837109390832,28.75507674902843,-29.801241781372507,9.671561201063017
NQ,discovery,top,10,False,0.015368330970828348,0.47092723405227477,3.0643440510885878,0.351824087956022,-1.8787302880760424,7.155036650146469,3983,False,0.8217905635735084,0.5184167552285679,23.261967848919817,2.885505061277432,69.48370954643862,-27.44803767921866,-17.840621405290857,-7.206311750883598,8.207705278611144,19.514286258282446,30.631798556739895,0.09389907105197087,0.08762239517951292,41.51678636235504,-38.87302011100519,13.015409594706218,12336,False,0.3357895237498376,0.5717117628978308,24.889522713093932,-0.17883898981115579,65.08740414992332,-31.975889962692627,-19.452796921498596,-7.1975333172735745,8.516919115371667,20.312507970903226,32.77212714283995,0.10003242542153049,0.10003242542153049,41.39366279726513,-43.18564553962045,14.06367909546769
NQ,discovery,top,20,False,0.01578825067847032,0.6983704186256433,3.2684498997360354,0.3798100949525237,-3.4268647504861156,8.624860727293495,2922,False,1.5741761562944445,1.2208411966163624,35.35312382993726,3.8528935311782986,108.45948125430108,-41.66356549330013,-25.665069903608284,-10.269488689672867,11.91830069713462,29.65843826638072,44.09970129550344,0.09822039698836413,0.08726899383983573,60.21509259429468,-57.80871736978427,19.22149547626578,6168,False,0.6711191928720612,1.2623453529603257,35.095177538719696,0.584443631442263,47.86055552780399,-48.72937131094063,-27.995100964962493,-10.401644391421216,12.600652065536956,30.151671801163186,46.09358199693745,0.10003242542153049,0.10003242542153049,59.176443385116784,-61.71274280665517,20.231267759469397
NQ,discovery,top,40,False,0.014066441155192304,0.9669033770194768,1.7215162952245828,0.7331334332833583,-3.9995418692275755,6.865998049150115,1990,False,1.7929231216686685,1.8881005507209725,52.15636201698684,2.1971249980212857,84.47243581601765,-65.08421552789368,-41.78192815244663,-15.296930139285791,19.544700608387643,42.285418818438735,64.31376834716339,0.08894472361809046,0.09346733668341708,89.6637091082956,-85.5452721921348,28.934395704219035,3084,False,1.3446653687933754,1.7633807130235102,50.12242882130176,0.47560870279670286,24.485332018128386,-69.13921570976706,-43.92527240872434,-15.402060264536887,19.28409049789359,44.93744525493849,67.11541364071903,0.10019455252918288,0.10019455252918288,86.8486115599544,-87.64425663980741,29.757023031007893
NQ,discovery,top,60,False,0.016439688715953308,0.9689623912797988,0.5469026518259835,0.8290854572713643,-4.271150410508591,5.138945110963768,1505,False,2.37492491896262,2.7897245147046057,61.77508106259577,1.3023575052934382,43.500981914192785,-87.45289136306367,-51.51040660622752,-19.139523689458706,24.180609672244113,58.66333370462319,90.40878517247374,0.09501661129568106,0.08770764119601329,109.4568561934646,-111.94943109868515,36.68156271571842,2056,False,2.022631144552893,3.0500267351840638,62.3354690141072,0.7554548534674547,33.5827669073289,-92.10912782541908,-55.31626640839726,-20.18818878395584,25.395273359112846,60.195287041119315,88.41608624801323,0.10019455252918288,0.10019455252918288,107.62067242596126,-109.25439764939047,37.794101015740914
NQ,discovery,top,100,False,0.02868353544588108,0.7372812558931846,2.788619190365826,0.5002498750624688,-2.9859175246273186,7.162800098834812,1006,False,5.682993658410844,3.1608125596105374,79.70041781339508,3.7404611752659784,61.978356415721464,-111.17704810309603,-65.12683963490973,-25.229060755493915,37.05098311682031,79.89954791796538,113.44824340146941,0.110337972166998,0.08548707753479125,135.08288716638003,-133.79669958448605,48.20734924849461,1233,False,3.329332728301516,6.308523929097198,80.02145911743689,0.9518419849001526,24.96622027478707,-115.28105335539607,-74.17029053137347,-24.07764667175183,36.808912664720864,75.68155503513815,108.85404019745687,0.10056772100567721,0.10056772100567721,134.74604740603309,-144.44673733071238,49.94145745504305
NQ,discovery,bottom,5,False,0.051298057240389716,3.601962229703246e-08,0.06669940627108811,0.9850074962518741,-3.0843614891875983,3.2937592429412077,3916,False,0.04627129464096786,0.7251029785770857,19.97721859637891,0.5488468576542962,27.50636912094093,-30.204459058262856,-17.356617495503656,-6.258372452827842,7.2145448621102615,17.211432515321647,28.046781427493173,0.13687436159346272,0.13202247191011235,28.68225272418733,-32.183191434899626,11.999162855152065,24673,False,0.16820752857369425,0.3170342502678558,17.732948047144752,0.4821474513832081,88.86301611010364,-22.267479056740314,-13.501074417546553,-4.990466928559423,5.697356426617173,13.899749714521013,22.03736588380467,0.10002837109390832,0.10002837109390832,28.75507674902843,-29.801241781372507,9.671561201063017
NQ,discovery,bottom,10,False,0.03469317111007131,0.00554398755911393,3.267953236068616,0.39030484757621187,-2.1863614309249986,8.023314778641174,3035,False,0.331007151984656,1.0281983394588856,29.0867683429406,3.08911424625746,80.84977288017673,-41.31517992190415,-24.17837172985959,-8.596829416211428,10.019301925621171,25.026061488315317,36.52048567609544,0.12751235584843493,0.1242174629324547,42.164798857937,-44.94327489711639,16.49718120755191,12336,False,0.3357895237498376,0.5717117628978308,24.889522713093932,-0.17883898981115579,65.08740414992332,-31.975889962692627,-19.452796921498596,-7.1975333172735745,8.516919115371667,20.312507970903226,32.77212714283995,0.10003242542153049,0.10003242542153049,41.39366279726513,-43.18564553962045,14.06367909546769
NQ,discovery,bottom,20,False,0.03198984050107282,0.06201346824422361,-1.3655801006554804,0.5877061469265368,-4.671124081222651,1.5599014095271093,2317,False,0.39539875254928486,1.9885599316871172,38.56316844360165,-0.7811364692132174,18.51284197633093,-54.50345425493097,-35.01561538658549,-11.401588150420361,14.53939928669934,34.16430641592472,53.153163469437466,0.11782477341389729,0.1251618472162279,59.869646275248755,-63.78560230835081,23.153483022363964,6168,False,0.6711191928720612,1.2623453529603257,35.095177538719696,0.584443631442263,47.86055552780399,-48.72937131094063,-27.995100964962493,-10.401644391421216,12.600652065536956,30.151671801163186,46.09358199693745,0.10003242542153049,0.10003242542153049,59.176443385116784,-61.71274280665517,20.231267759469397
NQ,discovery,bottom,40,False,0.023659723447526537,0.5670638143124188,-1.7424892373539984,0.23938030984507747,-3.9007359118439298,0.5089182844724732,1676,False,0.07180001239850732,2.276215450405239,53.364881528161405,-1.2668805345572955,16.689048562953122,-79.91785681402463,-47.58676793954031,-16.87966408048358,21.14486854422615,47.78163197632135,72.68404731795297,0.11097852028639618,0.110381861575179,83.42434645100882,-96.38008454442017,32.260352573089875,3084,False,1.3446653687933754,1.7633807130235102,50.12242882130176,0.47560870279670286,24.485332018128386,-69.13921570976706,-43.92527240872434,-15.402060264536887,19.28409049789359,44.93744525493849,67.11541364071903,0.10019455252918288,0.10019455252918288,86.8486115599544,-87.64425663980741,29.757023031007893
NQ,discovery,bottom,60,False,0.034510442914934096,0.28766654366860095,-1.6624512479392997,0.5872063968015993,-4.448374153639813,1.0135812500177628,1311,False,0.5722663054793353,3.3049026960374484,60.47037140950149,-0.9069963944718451,7.523374080223336,-97.86887342890516,-57.258383758411746,-20.625214745783605,27.315989652682006,58.016352648417865,82.2350166895569,0.09458428680396644,0.10373760488176964,103.02102574318468,-117.37602429469077,38.96095641263361,2056,False,2.022631144552893,3.0500267351840638,62.3354690141072,0.7554548534674547,33.5827669073289,-92.10912782541908,-55.31626640839726,-20.18818878395584,25.395273359112846,60.195287041119315,88.41608624801323,0.10019455252918288,0.10019455252918288,107.62067242596126,-109.25439764939047,37.794101015740914
NQ,discovery,bottom,100,False,0.04210368978853962,0.29795758747812967,0.248910321291267,0.9005497251374313,-3.9199150500234583,4.26338295848233,917,False,1.7408236751022204,4.717233985527258,86.5187529201816,1.2007523061914196,30.835884755941414,-128.16846886319854,-78.43772412503601,-30.40437823046527,34.90087893757598,79.63091960288837,114.0817277028527,0.1079607415485278,0.10905125408942203,137.37119488103673,-147.66118857970108,51.869482931328065,1233,False,3.329332728301516,6.308523929097198,80.02145911743689,0.9518419849001526,24.96622027478707,-115.28105335539607,-74.17029053137347,-24.07764667175183,36.808912664720864,75.68155503513815,108.85404019745687,0.10056772100567721,0.10056772100567721,134.74604740603309,-144.44673733071238,49.94145745504305
